[2025-04-25 02:45:49] local.ERROR: Command "test_example2" is not defined. {"exception":"[object] (Symfony\\Component\\Console\\Exception\\CommandNotFoundException(code: 0): Command \"test_example2\" is not defined. at E:\\kuliah syahwa\\Semester 4\\Pemogramman Web\\laravel\\belajar-1\\vendor\\symfony\\console\\Application.php:737)
[stacktrace]
#0 E:\\kuliah syahwa\\Semester 4\\Pemogramman Web\\laravel\\belajar-1\\vendor\\symfony\\console\\Application.php(266): Symfony\\Component\\Console\\Application->find('test_example2')
#1 E:\\kuliah syahwa\\Semester 4\\Pemogramman Web\\laravel\\belajar-1\\vendor\\symfony\\console\\Application.php(175): Symfony\\Component\\Console\\Application->doRun(Object(Symfony\\Component\\Console\\Input\\ArgvInput), Object(Symfony\\Component\\Console\\Output\\ConsoleOutput))
#2 E:\\kuliah syahwa\\Semester 4\\Pemogramman Web\\laravel\\belajar-1\\vendor\\laravel\\framework\\src\\Illuminate\\Console\\Application.php(102): Symfony\\Component\\Console\\Application->run(Object(Symfony\\Component\\Console\\Input\\ArgvInput), Object(Symfony\\Component\\Console\\Output\\ConsoleOutput))
#3 E:\\kuliah syahwa\\Semester 4\\Pemogramman Web\\laravel\\belajar-1\\vendor\\laravel\\framework\\src\\Illuminate\\Foundation\\Console\\Kernel.php(155): Illuminate\\Console\\Application->run(Object(Symfony\\Component\\Console\\Input\\ArgvInput), Object(Symfony\\Component\\Console\\Output\\ConsoleOutput))
#4 E:\\kuliah syahwa\\Semester 4\\Pemogramman Web\\laravel\\belajar-1\\artisan(35): Illuminate\\Foundation\\Console\\Kernel->handle(Object(Symfony\\Component\\Console\\Input\\ArgvInput), Object(Symfony\\Component\\Console\\Output\\ConsoleOutput))
#5 {main}
"} 
[2025-04-28 12:25:56] local.ERROR: View [] not found. {"exception":"[object] (InvalidArgumentException(code: 0): View [] not found. at E:\\kuliah syahwa\\Semester 4\\Pemogramman Web\\laravel\\belajar-1\\vendor\\laravel\\framework\\src\\Illuminate\\View\\FileViewFinder.php:137)
[stacktrace]
#0 E:\\kuliah syahwa\\Semester 4\\Pemogramman Web\\laravel\\belajar-1\\vendor\\laravel\\framework\\src\\Illuminate\\View\\FileViewFinder.php(79): Illuminate\\View\\FileViewFinder->findInPaths('', Array)
#1 E:\\kuliah syahwa\\Semester 4\\Pemogramman Web\\laravel\\belajar-1\\vendor\\laravel\\framework\\src\\Illuminate\\View\\Factory.php(137): Illuminate\\View\\FileViewFinder->find('')
#2 E:\\kuliah syahwa\\Semester 4\\Pemogramman Web\\laravel\\belajar-1\\vendor\\laravel\\framework\\src\\Illuminate\\Foundation\\helpers.php(1035): Illuminate\\View\\Factory->make('', Array, Array)
#3 E:\\kuliah syahwa\\Semester 4\\Pemogramman Web\\laravel\\belajar-1\\routes\\web.php(18): view('')
#4 E:\\kuliah syahwa\\Semester 4\\Pemogramman Web\\laravel\\belajar-1\\vendor\\laravel\\framework\\src\\Illuminate\\Routing\\CallableDispatcher.php(40): Illuminate\\Routing\\RouteFileRegistrar->{closure}()
#5 E:\\kuliah syahwa\\Semester 4\\Pemogramman Web\\laravel\\belajar-1\\vendor\\laravel\\framework\\src\\Illuminate\\Routing\\Route.php(237): Illuminate\\Routing\\CallableDispatcher->dispatch(Object(Illuminate\\Routing\\Route), Object(Closure))
#6 E:\\kuliah syahwa\\Semester 4\\Pemogramman Web\\laravel\\belajar-1\\vendor\\laravel\\framework\\src\\Illuminate\\Routing\\Route.php(208): Illuminate\\Routing\\Route->runCallable()
#7 E:\\kuliah syahwa\\Semester 4\\Pemogramman Web\\laravel\\belajar-1\\vendor\\laravel\\framework\\src\\Illuminate\\Routing\\Router.php(798): Illuminate\\Routing\\Route->run()
#8 E:\\kuliah syahwa\\Semester 4\\Pemogramman Web\\laravel\\belajar-1\\vendor\\laravel\\framework\\src\\Illuminate\\Pipeline\\Pipeline.php(141): Illuminate\\Routing\\Router->Illuminate\\Routing\\{closure}(Object(Illuminate\\Http\\Request))
#9 E:\\kuliah syahwa\\Semester 4\\Pemogramman Web\\laravel\\belajar-1\\vendor\\laravel\\framework\\src\\Illuminate\\Routing\\Middleware\\SubstituteBindings.php(50): Illuminate\\Pipeline\\Pipeline->Illuminate\\Pipeline\\{closure}(Object(Illuminate\\Http\\Request))
#10 E:\\kuliah syahwa\\Semester 4\\Pemogramman Web\\laravel\\belajar-1\\vendor\\laravel\\framework\\src\\Illuminate\\Pipeline\\Pipeline.php(180): Illuminate\\Routing\\Middleware\\SubstituteBindings->handle(Object(Illuminate\\Http\\Request), Object(Closure))
#11 E:\\kuliah syahwa\\Semester 4\\Pemogramman Web\\laravel\\belajar-1\\vendor\\laravel\\framework\\src\\Illuminate\\Foundation\\Http\\Middleware\\VerifyCsrfToken.php(78): Illuminate\\Pipeline\\Pipeline->Illuminate\\Pipeline\\{closure}(Object(Illuminate\\Http\\Request))
#12 E:\\kuliah syahwa\\Semester 4\\Pemogramman Web\\laravel\\belajar-1\\vendor\\laravel\\framework\\src\\Illuminate\\Pipeline\\Pipeline.php(180): Illuminate\\Foundation\\Http\\Middleware\\VerifyCsrfToken->handle(Object(Illuminate\\Http\\Request), Object(Closure))
#13 E:\\kuliah syahwa\\Semester 4\\Pemogramman Web\\laravel\\belajar-1\\vendor\\laravel\\framework\\src\\Illuminate\\View\\Middleware\\ShareErrorsFromSession.php(49): Illuminate\\Pipeline\\Pipeline->Illuminate\\Pipeline\\{closure}(Object(Illuminate\\Http\\Request))
#14 E:\\kuliah syahwa\\Semester 4\\Pemogramman Web\\laravel\\belajar-1\\vendor\\laravel\\framework\\src\\Illuminate\\Pipeline\\Pipeline.php(180): Illuminate\\View\\Middleware\\ShareErrorsFromSession->handle(Object(Illuminate\\Http\\Request), Object(Closure))
#15 E:\\kuliah syahwa\\Semester 4\\Pemogramman Web\\laravel\\belajar-1\\vendor\\laravel\\framework\\src\\Illuminate\\Session\\Middleware\\StartSession.php(121): Illuminate\\Pipeline\\Pipeline->Illuminate\\Pipeline\\{closure}(Object(Illuminate\\Http\\Request))
#16 E:\\kuliah syahwa\\Semester 4\\Pemogramman Web\\laravel\\belajar-1\\vendor\\laravel\\framework\\src\\Illuminate\\Session\\Middleware\\StartSession.php(64): Illuminate\\Session\\Middleware\\StartSession->handleStatefulRequest(Object(Illuminate\\Http\\Request), Object(Illuminate\\Session\\Store), Object(Closure))
#17 E:\\kuliah syahwa\\Semester 4\\Pemogramman Web\\laravel\\belajar-1\\vendor\\laravel\\framework\\src\\Illuminate\\Pipeline\\Pipeline.php(180): Illuminate\\Session\\Middleware\\StartSession->handle(Object(Illuminate\\Http\\Request), Object(Closure))
#18 E:\\kuliah syahwa\\Semester 4\\Pemogramman Web\\laravel\\belajar-1\\vendor\\laravel\\framework\\src\\Illuminate\\Cookie\\Middleware\\AddQueuedCookiesToResponse.php(37): Illuminate\\Pipeline\\Pipeline->Illuminate\\Pipeline\\{closure}(Object(Illuminate\\Http\\Request))
#19 E:\\kuliah syahwa\\Semester 4\\Pemogramman Web\\laravel\\belajar-1\\vendor\\laravel\\framework\\src\\Illuminate\\Pipeline\\Pipeline.php(180): Illuminate\\Cookie\\Middleware\\AddQueuedCookiesToResponse->handle(Object(Illuminate\\Http\\Request), Object(Closure))
#20 E:\\kuliah syahwa\\Semester 4\\Pemogramman Web\\laravel\\belajar-1\\vendor\\laravel\\framework\\src\\Illuminate\\Cookie\\Middleware\\EncryptCookies.php(67): Illuminate\\Pipeline\\Pipeline->Illuminate\\Pipeline\\{closure}(Object(Illuminate\\Http\\Request))
#21 E:\\kuliah syahwa\\Semester 4\\Pemogramman Web\\laravel\\belajar-1\\vendor\\laravel\\framework\\src\\Illuminate\\Pipeline\\Pipeline.php(180): Illuminate\\Cookie\\Middleware\\EncryptCookies->handle(Object(Illuminate\\Http\\Request), Object(Closure))
#22 E:\\kuliah syahwa\\Semester 4\\Pemogramman Web\\laravel\\belajar-1\\vendor\\laravel\\framework\\src\\Illuminate\\Pipeline\\Pipeline.php(116): Illuminate\\Pipeline\\Pipeline->Illuminate\\Pipeline\\{closure}(Object(Illuminate\\Http\\Request))
#23 E:\\kuliah syahwa\\Semester 4\\Pemogramman Web\\laravel\\belajar-1\\vendor\\laravel\\framework\\src\\Illuminate\\Routing\\Router.php(797): Illuminate\\Pipeline\\Pipeline->then(Object(Closure))
#24 E:\\kuliah syahwa\\Semester 4\\Pemogramman Web\\laravel\\belajar-1\\vendor\\laravel\\framework\\src\\Illuminate\\Routing\\Router.php(776): Illuminate\\Routing\\Router->runRouteWithinStack(Object(Illuminate\\Routing\\Route), Object(Illuminate\\Http\\Request))
#25 E:\\kuliah syahwa\\Semester 4\\Pemogramman Web\\laravel\\belajar-1\\vendor\\laravel\\framework\\src\\Illuminate\\Routing\\Router.php(740): Illuminate\\Routing\\Router->runRoute(Object(Illuminate\\Http\\Request), Object(Illuminate\\Routing\\Route))
#26 E:\\kuliah syahwa\\Semester 4\\Pemogramman Web\\laravel\\belajar-1\\vendor\\laravel\\framework\\src\\Illuminate\\Routing\\Router.php(729): Illuminate\\Routing\\Router->dispatchToRoute(Object(Illuminate\\Http\\Request))
#27 E:\\kuliah syahwa\\Semester 4\\Pemogramman Web\\laravel\\belajar-1\\vendor\\laravel\\framework\\src\\Illuminate\\Foundation\\Http\\Kernel.php(190): Illuminate\\Routing\\Router->dispatch(Object(Illuminate\\Http\\Request))
#28 E:\\kuliah syahwa\\Semester 4\\Pemogramman Web\\laravel\\belajar-1\\vendor\\laravel\\framework\\src\\Illuminate\\Pipeline\\Pipeline.php(141): Illuminate\\Foundation\\Http\\Kernel->Illuminate\\Foundation\\Http\\{closure}(Object(Illuminate\\Http\\Request))
#29 E:\\kuliah syahwa\\Semester 4\\Pemogramman Web\\laravel\\belajar-1\\vendor\\laravel\\framework\\src\\Illuminate\\Foundation\\Http\\Middleware\\TransformsRequest.php(21): Illuminate\\Pipeline\\Pipeline->Illuminate\\Pipeline\\{closure}(Object(Illuminate\\Http\\Request))
#30 E:\\kuliah syahwa\\Semester 4\\Pemogramman Web\\laravel\\belajar-1\\vendor\\laravel\\framework\\src\\Illuminate\\Foundation\\Http\\Middleware\\ConvertEmptyStringsToNull.php(31): Illuminate\\Foundation\\Http\\Middleware\\TransformsRequest->handle(Object(Illuminate\\Http\\Request), Object(Closure))
#31 E:\\kuliah syahwa\\Semester 4\\Pemogramman Web\\laravel\\belajar-1\\vendor\\laravel\\framework\\src\\Illuminate\\Pipeline\\Pipeline.php(180): Illuminate\\Foundation\\Http\\Middleware\\ConvertEmptyStringsToNull->handle(Object(Illuminate\\Http\\Request), Object(Closure))
#32 E:\\kuliah syahwa\\Semester 4\\Pemogramman Web\\laravel\\belajar-1\\vendor\\laravel\\framework\\src\\Illuminate\\Foundation\\Http\\Middleware\\TransformsRequest.php(21): Illuminate\\Pipeline\\Pipeline->Illuminate\\Pipeline\\{closure}(Object(Illuminate\\Http\\Request))
#33 E:\\kuliah syahwa\\Semester 4\\Pemogramman Web\\laravel\\belajar-1\\vendor\\laravel\\framework\\src\\Illuminate\\Foundation\\Http\\Middleware\\TrimStrings.php(40): Illuminate\\Foundation\\Http\\Middleware\\TransformsRequest->handle(Object(Illuminate\\Http\\Request), Object(Closure))
#34 E:\\kuliah syahwa\\Semester 4\\Pemogramman Web\\laravel\\belajar-1\\vendor\\laravel\\framework\\src\\Illuminate\\Pipeline\\Pipeline.php(180): Illuminate\\Foundation\\Http\\Middleware\\TrimStrings->handle(Object(Illuminate\\Http\\Request), Object(Closure))
#35 E:\\kuliah syahwa\\Semester 4\\Pemogramman Web\\laravel\\belajar-1\\vendor\\laravel\\framework\\src\\Illuminate\\Foundation\\Http\\Middleware\\ValidatePostSize.php(27): Illuminate\\Pipeline\\Pipeline->Illuminate\\Pipeline\\{closure}(Object(Illuminate\\Http\\Request))
#36 E:\\kuliah syahwa\\Semester 4\\Pemogramman Web\\laravel\\belajar-1\\vendor\\laravel\\framework\\src\\Illuminate\\Pipeline\\Pipeline.php(180): Illuminate\\Foundation\\Http\\Middleware\\ValidatePostSize->handle(Object(Illuminate\\Http\\Request), Object(Closure))
#37 E:\\kuliah syahwa\\Semester 4\\Pemogramman Web\\laravel\\belajar-1\\vendor\\laravel\\framework\\src\\Illuminate\\Foundation\\Http\\Middleware\\PreventRequestsDuringMaintenance.php(86): Illuminate\\Pipeline\\Pipeline->Illuminate\\Pipeline\\{closure}(Object(Illuminate\\Http\\Request))
#38 E:\\kuliah syahwa\\Semester 4\\Pemogramman Web\\laravel\\belajar-1\\vendor\\laravel\\framework\\src\\Illuminate\\Pipeline\\Pipeline.php(180): Illuminate\\Foundation\\Http\\Middleware\\PreventRequestsDuringMaintenance->handle(Object(Illuminate\\Http\\Request), Object(Closure))
#39 E:\\kuliah syahwa\\Semester 4\\Pemogramman Web\\laravel\\belajar-1\\vendor\\laravel\\framework\\src\\Illuminate\\Http\\Middleware\\HandleCors.php(49): Illuminate\\Pipeline\\Pipeline->Illuminate\\Pipeline\\{closure}(Object(Illuminate\\Http\\Request))
#40 E:\\kuliah syahwa\\Semester 4\\Pemogramman Web\\laravel\\belajar-1\\vendor\\laravel\\framework\\src\\Illuminate\\Pipeline\\Pipeline.php(180): Illuminate\\Http\\Middleware\\HandleCors->handle(Object(Illuminate\\Http\\Request), Object(Closure))
#41 E:\\kuliah syahwa\\Semester 4\\Pemogramman Web\\laravel\\belajar-1\\vendor\\laravel\\framework\\src\\Illuminate\\Http\\Middleware\\TrustProxies.php(39): Illuminate\\Pipeline\\Pipeline->Illuminate\\Pipeline\\{closure}(Object(Illuminate\\Http\\Request))
#42 E:\\kuliah syahwa\\Semester 4\\Pemogramman Web\\laravel\\belajar-1\\vendor\\laravel\\framework\\src\\Illuminate\\Pipeline\\Pipeline.php(180): Illuminate\\Http\\Middleware\\TrustProxies->handle(Object(Illuminate\\Http\\Request), Object(Closure))
#43 E:\\kuliah syahwa\\Semester 4\\Pemogramman Web\\laravel\\belajar-1\\vendor\\laravel\\framework\\src\\Illuminate\\Pipeline\\Pipeline.php(116): Illuminate\\Pipeline\\Pipeline->Illuminate\\Pipeline\\{closure}(Object(Illuminate\\Http\\Request))
#44 E:\\kuliah syahwa\\Semester 4\\Pemogramman Web\\laravel\\belajar-1\\vendor\\laravel\\framework\\src\\Illuminate\\Foundation\\Http\\Kernel.php(165): Illuminate\\Pipeline\\Pipeline->then(Object(Closure))
#45 E:\\kuliah syahwa\\Semester 4\\Pemogramman Web\\laravel\\belajar-1\\vendor\\laravel\\framework\\src\\Illuminate\\Foundation\\Http\\Kernel.php(134): Illuminate\\Foundation\\Http\\Kernel->sendRequestThroughRouter(Object(Illuminate\\Http\\Request))
#46 E:\\kuliah syahwa\\Semester 4\\Pemogramman Web\\laravel\\belajar-1\\public\\index.php(51): Illuminate\\Foundation\\Http\\Kernel->handle(Object(Illuminate\\Http\\Request))
#47 E:\\kuliah syahwa\\Semester 4\\Pemogramman Web\\laravel\\belajar-1\\vendor\\laravel\\framework\\src\\Illuminate\\Foundation\\resources\\server.php(16): require_once('E:\\\\kuliah syahw...')
#48 {main}
"} 
[2025-04-28 12:26:26] local.ERROR: View [layout.aplikasi] not found. {"view":{"view":"E:\\kuliah syahwa\\Semester 4\\Pemogramman Web\\laravel\\belajar-1\\resources\\views\\sesi\\index.blade.php","data":{"errors":"<pre class=sf-dump id=sf-dump-746689412 data-indent-pad=\"  \"><span class=sf-dump-note>Illuminate\\Support\\ViewErrorBag</span> {<a class=sf-dump-ref>#272</a><samp data-depth=1 class=sf-dump-expanded>
  #<span class=sf-dump-protected title=\"Protected property\">bags</span>: []
</samp>}
</pre><script>Sfdump(\"sf-dump-746689412\", {\"maxDepth\":3,\"maxStringLength\":160})</script>
"}},"exception":"[object] (Spatie\\LaravelIgnition\\Exceptions\\ViewException(code: 0): View [layout.aplikasi] not found. at E:\\kuliah syahwa\\Semester 4\\Pemogramman Web\\laravel\\belajar-1\\vendor\\laravel\\framework\\src\\Illuminate\\View\\FileViewFinder.php:137)
[stacktrace]
#0 E:\\kuliah syahwa\\Semester 4\\Pemogramman Web\\laravel\\belajar-1\\vendor\\laravel\\framework\\src\\Illuminate\\View\\FileViewFinder.php(79): Illuminate\\View\\FileViewFinder->findInPaths('layout.aplikasi', Array)
#1 E:\\kuliah syahwa\\Semester 4\\Pemogramman Web\\laravel\\belajar-1\\vendor\\laravel\\framework\\src\\Illuminate\\View\\Factory.php(137): Illuminate\\View\\FileViewFinder->find('layout.aplikasi')
#2 E:\\kuliah syahwa\\Semester 4\\Pemogramman Web\\laravel\\belajar-1\\resources\\views\\sesi\\index.blade.php(22): Illuminate\\View\\Factory->make('layout.aplikasi', Array)
#3 E:\\kuliah syahwa\\Semester 4\\Pemogramman Web\\laravel\\belajar-1\\vendor\\laravel\\framework\\src\\Illuminate\\Filesystem\\Filesystem.php(109): require('E:\\\\kuliah syahw...')
#4 E:\\kuliah syahwa\\Semester 4\\Pemogramman Web\\laravel\\belajar-1\\vendor\\laravel\\framework\\src\\Illuminate\\Filesystem\\Filesystem.php(110): Illuminate\\Filesystem\\Filesystem::Illuminate\\Filesystem\\{closure}()
#5 E:\\kuliah syahwa\\Semester 4\\Pemogramman Web\\laravel\\belajar-1\\vendor\\laravel\\framework\\src\\Illuminate\\View\\Engines\\PhpEngine.php(58): Illuminate\\Filesystem\\Filesystem->getRequire('E:\\\\kuliah syahw...', Array)
#6 E:\\kuliah syahwa\\Semester 4\\Pemogramman Web\\laravel\\belajar-1\\vendor\\laravel\\framework\\src\\Illuminate\\View\\Engines\\CompilerEngine.php(70): Illuminate\\View\\Engines\\PhpEngine->evaluatePath('E:\\\\kuliah syahw...', Array)
#7 E:\\kuliah syahwa\\Semester 4\\Pemogramman Web\\laravel\\belajar-1\\vendor\\laravel\\framework\\src\\Illuminate\\View\\View.php(195): Illuminate\\View\\Engines\\CompilerEngine->get('E:\\\\kuliah syahw...', Array)
#8 E:\\kuliah syahwa\\Semester 4\\Pemogramman Web\\laravel\\belajar-1\\vendor\\laravel\\framework\\src\\Illuminate\\View\\View.php(178): Illuminate\\View\\View->getContents()
#9 E:\\kuliah syahwa\\Semester 4\\Pemogramman Web\\laravel\\belajar-1\\vendor\\laravel\\framework\\src\\Illuminate\\View\\View.php(147): Illuminate\\View\\View->renderContents()
#10 E:\\kuliah syahwa\\Semester 4\\Pemogramman Web\\laravel\\belajar-1\\vendor\\laravel\\framework\\src\\Illuminate\\Http\\Response.php(69): Illuminate\\View\\View->render()
#11 E:\\kuliah syahwa\\Semester 4\\Pemogramman Web\\laravel\\belajar-1\\vendor\\laravel\\framework\\src\\Illuminate\\Http\\Response.php(35): Illuminate\\Http\\Response->setContent(Object(Illuminate\\View\\View))
#12 E:\\kuliah syahwa\\Semester 4\\Pemogramman Web\\laravel\\belajar-1\\vendor\\laravel\\framework\\src\\Illuminate\\Routing\\Router.php(906): Illuminate\\Http\\Response->__construct(Object(Illuminate\\View\\View), 200, Array)
#13 E:\\kuliah syahwa\\Semester 4\\Pemogramman Web\\laravel\\belajar-1\\vendor\\laravel\\framework\\src\\Illuminate\\Routing\\Router.php(875): Illuminate\\Routing\\Router::toResponse(Object(Illuminate\\Http\\Request), Object(Illuminate\\View\\View))
#14 E:\\kuliah syahwa\\Semester 4\\Pemogramman Web\\laravel\\belajar-1\\vendor\\laravel\\framework\\src\\Illuminate\\Routing\\Router.php(797): Illuminate\\Routing\\Router->prepareResponse(Object(Illuminate\\Http\\Request), Object(Illuminate\\View\\View))
#15 E:\\kuliah syahwa\\Semester 4\\Pemogramman Web\\laravel\\belajar-1\\vendor\\laravel\\framework\\src\\Illuminate\\Pipeline\\Pipeline.php(141): Illuminate\\Routing\\Router->Illuminate\\Routing\\{closure}(Object(Illuminate\\Http\\Request))
#16 E:\\kuliah syahwa\\Semester 4\\Pemogramman Web\\laravel\\belajar-1\\vendor\\laravel\\framework\\src\\Illuminate\\Routing\\Middleware\\SubstituteBindings.php(50): Illuminate\\Pipeline\\Pipeline->Illuminate\\Pipeline\\{closure}(Object(Illuminate\\Http\\Request))
#17 E:\\kuliah syahwa\\Semester 4\\Pemogramman Web\\laravel\\belajar-1\\vendor\\laravel\\framework\\src\\Illuminate\\Pipeline\\Pipeline.php(180): Illuminate\\Routing\\Middleware\\SubstituteBindings->handle(Object(Illuminate\\Http\\Request), Object(Closure))
#18 E:\\kuliah syahwa\\Semester 4\\Pemogramman Web\\laravel\\belajar-1\\vendor\\laravel\\framework\\src\\Illuminate\\Foundation\\Http\\Middleware\\VerifyCsrfToken.php(78): Illuminate\\Pipeline\\Pipeline->Illuminate\\Pipeline\\{closure}(Object(Illuminate\\Http\\Request))
#19 E:\\kuliah syahwa\\Semester 4\\Pemogramman Web\\laravel\\belajar-1\\vendor\\laravel\\framework\\src\\Illuminate\\Pipeline\\Pipeline.php(180): Illuminate\\Foundation\\Http\\Middleware\\VerifyCsrfToken->handle(Object(Illuminate\\Http\\Request), Object(Closure))
#20 E:\\kuliah syahwa\\Semester 4\\Pemogramman Web\\laravel\\belajar-1\\vendor\\laravel\\framework\\src\\Illuminate\\View\\Middleware\\ShareErrorsFromSession.php(49): Illuminate\\Pipeline\\Pipeline->Illuminate\\Pipeline\\{closure}(Object(Illuminate\\Http\\Request))
#21 E:\\kuliah syahwa\\Semester 4\\Pemogramman Web\\laravel\\belajar-1\\vendor\\laravel\\framework\\src\\Illuminate\\Pipeline\\Pipeline.php(180): Illuminate\\View\\Middleware\\ShareErrorsFromSession->handle(Object(Illuminate\\Http\\Request), Object(Closure))
#22 E:\\kuliah syahwa\\Semester 4\\Pemogramman Web\\laravel\\belajar-1\\vendor\\laravel\\framework\\src\\Illuminate\\Session\\Middleware\\StartSession.php(121): Illuminate\\Pipeline\\Pipeline->Illuminate\\Pipeline\\{closure}(Object(Illuminate\\Http\\Request))
#23 E:\\kuliah syahwa\\Semester 4\\Pemogramman Web\\laravel\\belajar-1\\vendor\\laravel\\framework\\src\\Illuminate\\Session\\Middleware\\StartSession.php(64): Illuminate\\Session\\Middleware\\StartSession->handleStatefulRequest(Object(Illuminate\\Http\\Request), Object(Illuminate\\Session\\Store), Object(Closure))
#24 E:\\kuliah syahwa\\Semester 4\\Pemogramman Web\\laravel\\belajar-1\\vendor\\laravel\\framework\\src\\Illuminate\\Pipeline\\Pipeline.php(180): Illuminate\\Session\\Middleware\\StartSession->handle(Object(Illuminate\\Http\\Request), Object(Closure))
#25 E:\\kuliah syahwa\\Semester 4\\Pemogramman Web\\laravel\\belajar-1\\vendor\\laravel\\framework\\src\\Illuminate\\Cookie\\Middleware\\AddQueuedCookiesToResponse.php(37): Illuminate\\Pipeline\\Pipeline->Illuminate\\Pipeline\\{closure}(Object(Illuminate\\Http\\Request))
#26 E:\\kuliah syahwa\\Semester 4\\Pemogramman Web\\laravel\\belajar-1\\vendor\\laravel\\framework\\src\\Illuminate\\Pipeline\\Pipeline.php(180): Illuminate\\Cookie\\Middleware\\AddQueuedCookiesToResponse->handle(Object(Illuminate\\Http\\Request), Object(Closure))
#27 E:\\kuliah syahwa\\Semester 4\\Pemogramman Web\\laravel\\belajar-1\\vendor\\laravel\\framework\\src\\Illuminate\\Cookie\\Middleware\\EncryptCookies.php(67): Illuminate\\Pipeline\\Pipeline->Illuminate\\Pipeline\\{closure}(Object(Illuminate\\Http\\Request))
#28 E:\\kuliah syahwa\\Semester 4\\Pemogramman Web\\laravel\\belajar-1\\vendor\\laravel\\framework\\src\\Illuminate\\Pipeline\\Pipeline.php(180): Illuminate\\Cookie\\Middleware\\EncryptCookies->handle(Object(Illuminate\\Http\\Request), Object(Closure))
#29 E:\\kuliah syahwa\\Semester 4\\Pemogramman Web\\laravel\\belajar-1\\vendor\\laravel\\framework\\src\\Illuminate\\Pipeline\\Pipeline.php(116): Illuminate\\Pipeline\\Pipeline->Illuminate\\Pipeline\\{closure}(Object(Illuminate\\Http\\Request))
#30 E:\\kuliah syahwa\\Semester 4\\Pemogramman Web\\laravel\\belajar-1\\vendor\\laravel\\framework\\src\\Illuminate\\Routing\\Router.php(797): Illuminate\\Pipeline\\Pipeline->then(Object(Closure))
#31 E:\\kuliah syahwa\\Semester 4\\Pemogramman Web\\laravel\\belajar-1\\vendor\\laravel\\framework\\src\\Illuminate\\Routing\\Router.php(776): Illuminate\\Routing\\Router->runRouteWithinStack(Object(Illuminate\\Routing\\Route), Object(Illuminate\\Http\\Request))
#32 E:\\kuliah syahwa\\Semester 4\\Pemogramman Web\\laravel\\belajar-1\\vendor\\laravel\\framework\\src\\Illuminate\\Routing\\Router.php(740): Illuminate\\Routing\\Router->runRoute(Object(Illuminate\\Http\\Request), Object(Illuminate\\Routing\\Route))
#33 E:\\kuliah syahwa\\Semester 4\\Pemogramman Web\\laravel\\belajar-1\\vendor\\laravel\\framework\\src\\Illuminate\\Routing\\Router.php(729): Illuminate\\Routing\\Router->dispatchToRoute(Object(Illuminate\\Http\\Request))
#34 E:\\kuliah syahwa\\Semester 4\\Pemogramman Web\\laravel\\belajar-1\\vendor\\laravel\\framework\\src\\Illuminate\\Foundation\\Http\\Kernel.php(190): Illuminate\\Routing\\Router->dispatch(Object(Illuminate\\Http\\Request))
#35 E:\\kuliah syahwa\\Semester 4\\Pemogramman Web\\laravel\\belajar-1\\vendor\\laravel\\framework\\src\\Illuminate\\Pipeline\\Pipeline.php(141): Illuminate\\Foundation\\Http\\Kernel->Illuminate\\Foundation\\Http\\{closure}(Object(Illuminate\\Http\\Request))
#36 E:\\kuliah syahwa\\Semester 4\\Pemogramman Web\\laravel\\belajar-1\\vendor\\laravel\\framework\\src\\Illuminate\\Foundation\\Http\\Middleware\\TransformsRequest.php(21): Illuminate\\Pipeline\\Pipeline->Illuminate\\Pipeline\\{closure}(Object(Illuminate\\Http\\Request))
#37 E:\\kuliah syahwa\\Semester 4\\Pemogramman Web\\laravel\\belajar-1\\vendor\\laravel\\framework\\src\\Illuminate\\Foundation\\Http\\Middleware\\ConvertEmptyStringsToNull.php(31): Illuminate\\Foundation\\Http\\Middleware\\TransformsRequest->handle(Object(Illuminate\\Http\\Request), Object(Closure))
#38 E:\\kuliah syahwa\\Semester 4\\Pemogramman Web\\laravel\\belajar-1\\vendor\\laravel\\framework\\src\\Illuminate\\Pipeline\\Pipeline.php(180): Illuminate\\Foundation\\Http\\Middleware\\ConvertEmptyStringsToNull->handle(Object(Illuminate\\Http\\Request), Object(Closure))
#39 E:\\kuliah syahwa\\Semester 4\\Pemogramman Web\\laravel\\belajar-1\\vendor\\laravel\\framework\\src\\Illuminate\\Foundation\\Http\\Middleware\\TransformsRequest.php(21): Illuminate\\Pipeline\\Pipeline->Illuminate\\Pipeline\\{closure}(Object(Illuminate\\Http\\Request))
#40 E:\\kuliah syahwa\\Semester 4\\Pemogramman Web\\laravel\\belajar-1\\vendor\\laravel\\framework\\src\\Illuminate\\Foundation\\Http\\Middleware\\TrimStrings.php(40): Illuminate\\Foundation\\Http\\Middleware\\TransformsRequest->handle(Object(Illuminate\\Http\\Request), Object(Closure))
#41 E:\\kuliah syahwa\\Semester 4\\Pemogramman Web\\laravel\\belajar-1\\vendor\\laravel\\framework\\src\\Illuminate\\Pipeline\\Pipeline.php(180): Illuminate\\Foundation\\Http\\Middleware\\TrimStrings->handle(Object(Illuminate\\Http\\Request), Object(Closure))
#42 E:\\kuliah syahwa\\Semester 4\\Pemogramman Web\\laravel\\belajar-1\\vendor\\laravel\\framework\\src\\Illuminate\\Foundation\\Http\\Middleware\\ValidatePostSize.php(27): Illuminate\\Pipeline\\Pipeline->Illuminate\\Pipeline\\{closure}(Object(Illuminate\\Http\\Request))
#43 E:\\kuliah syahwa\\Semester 4\\Pemogramman Web\\laravel\\belajar-1\\vendor\\laravel\\framework\\src\\Illuminate\\Pipeline\\Pipeline.php(180): Illuminate\\Foundation\\Http\\Middleware\\ValidatePostSize->handle(Object(Illuminate\\Http\\Request), Object(Closure))
#44 E:\\kuliah syahwa\\Semester 4\\Pemogramman Web\\laravel\\belajar-1\\vendor\\laravel\\framework\\src\\Illuminate\\Foundation\\Http\\Middleware\\PreventRequestsDuringMaintenance.php(86): Illuminate\\Pipeline\\Pipeline->Illuminate\\Pipeline\\{closure}(Object(Illuminate\\Http\\Request))
#45 E:\\kuliah syahwa\\Semester 4\\Pemogramman Web\\laravel\\belajar-1\\vendor\\laravel\\framework\\src\\Illuminate\\Pipeline\\Pipeline.php(180): Illuminate\\Foundation\\Http\\Middleware\\PreventRequestsDuringMaintenance->handle(Object(Illuminate\\Http\\Request), Object(Closure))
#46 E:\\kuliah syahwa\\Semester 4\\Pemogramman Web\\laravel\\belajar-1\\vendor\\laravel\\framework\\src\\Illuminate\\Http\\Middleware\\HandleCors.php(49): Illuminate\\Pipeline\\Pipeline->Illuminate\\Pipeline\\{closure}(Object(Illuminate\\Http\\Request))
#47 E:\\kuliah syahwa\\Semester 4\\Pemogramman Web\\laravel\\belajar-1\\vendor\\laravel\\framework\\src\\Illuminate\\Pipeline\\Pipeline.php(180): Illuminate\\Http\\Middleware\\HandleCors->handle(Object(Illuminate\\Http\\Request), Object(Closure))
#48 E:\\kuliah syahwa\\Semester 4\\Pemogramman Web\\laravel\\belajar-1\\vendor\\laravel\\framework\\src\\Illuminate\\Http\\Middleware\\TrustProxies.php(39): Illuminate\\Pipeline\\Pipeline->Illuminate\\Pipeline\\{closure}(Object(Illuminate\\Http\\Request))
#49 E:\\kuliah syahwa\\Semester 4\\Pemogramman Web\\laravel\\belajar-1\\vendor\\laravel\\framework\\src\\Illuminate\\Pipeline\\Pipeline.php(180): Illuminate\\Http\\Middleware\\TrustProxies->handle(Object(Illuminate\\Http\\Request), Object(Closure))
#50 E:\\kuliah syahwa\\Semester 4\\Pemogramman Web\\laravel\\belajar-1\\vendor\\laravel\\framework\\src\\Illuminate\\Pipeline\\Pipeline.php(116): Illuminate\\Pipeline\\Pipeline->Illuminate\\Pipeline\\{closure}(Object(Illuminate\\Http\\Request))
#51 E:\\kuliah syahwa\\Semester 4\\Pemogramman Web\\laravel\\belajar-1\\vendor\\laravel\\framework\\src\\Illuminate\\Foundation\\Http\\Kernel.php(165): Illuminate\\Pipeline\\Pipeline->then(Object(Closure))
#52 E:\\kuliah syahwa\\Semester 4\\Pemogramman Web\\laravel\\belajar-1\\vendor\\laravel\\framework\\src\\Illuminate\\Foundation\\Http\\Kernel.php(134): Illuminate\\Foundation\\Http\\Kernel->sendRequestThroughRouter(Object(Illuminate\\Http\\Request))
#53 E:\\kuliah syahwa\\Semester 4\\Pemogramman Web\\laravel\\belajar-1\\public\\index.php(51): Illuminate\\Foundation\\Http\\Kernel->handle(Object(Illuminate\\Http\\Request))
#54 E:\\kuliah syahwa\\Semester 4\\Pemogramman Web\\laravel\\belajar-1\\vendor\\laravel\\framework\\src\\Illuminate\\Foundation\\resources\\server.php(16): require_once('E:\\\\kuliah syahw...')
#55 {main}

[previous exception] [object] (InvalidArgumentException(code: 0): View [layout.aplikasi] not found. at E:\\kuliah syahwa\\Semester 4\\Pemogramman Web\\laravel\\belajar-1\\vendor\\laravel\\framework\\src\\Illuminate\\View\\FileViewFinder.php:137)
[stacktrace]
#0 E:\\kuliah syahwa\\Semester 4\\Pemogramman Web\\laravel\\belajar-1\\vendor\\laravel\\framework\\src\\Illuminate\\View\\FileViewFinder.php(79): Illuminate\\View\\FileViewFinder->findInPaths('layout.aplikasi', Array)
#1 E:\\kuliah syahwa\\Semester 4\\Pemogramman Web\\laravel\\belajar-1\\vendor\\laravel\\framework\\src\\Illuminate\\View\\Factory.php(137): Illuminate\\View\\FileViewFinder->find('layout.aplikasi')
#2 E:\\kuliah syahwa\\Semester 4\\Pemogramman Web\\laravel\\belajar-1\\storage\\framework\\views\\ecad9f1ae69ae9f4d244e0db70cdbc2309baaeff.php(23): Illuminate\\View\\Factory->make('layout.aplikasi', Array)
#3 E:\\kuliah syahwa\\Semester 4\\Pemogramman Web\\laravel\\belajar-1\\vendor\\laravel\\framework\\src\\Illuminate\\Filesystem\\Filesystem.php(109): require('E:\\\\kuliah syahw...')
#4 E:\\kuliah syahwa\\Semester 4\\Pemogramman Web\\laravel\\belajar-1\\vendor\\laravel\\framework\\src\\Illuminate\\Filesystem\\Filesystem.php(110): Illuminate\\Filesystem\\Filesystem::Illuminate\\Filesystem\\{closure}()
#5 E:\\kuliah syahwa\\Semester 4\\Pemogramman Web\\laravel\\belajar-1\\vendor\\laravel\\framework\\src\\Illuminate\\View\\Engines\\PhpEngine.php(58): Illuminate\\Filesystem\\Filesystem->getRequire('E:\\\\kuliah syahw...', Array)
#6 E:\\kuliah syahwa\\Semester 4\\Pemogramman Web\\laravel\\belajar-1\\vendor\\laravel\\framework\\src\\Illuminate\\View\\Engines\\CompilerEngine.php(70): Illuminate\\View\\Engines\\PhpEngine->evaluatePath('E:\\\\kuliah syahw...', Array)
#7 E:\\kuliah syahwa\\Semester 4\\Pemogramman Web\\laravel\\belajar-1\\vendor\\laravel\\framework\\src\\Illuminate\\View\\View.php(195): Illuminate\\View\\Engines\\CompilerEngine->get('E:\\\\kuliah syahw...', Array)
#8 E:\\kuliah syahwa\\Semester 4\\Pemogramman Web\\laravel\\belajar-1\\vendor\\laravel\\framework\\src\\Illuminate\\View\\View.php(178): Illuminate\\View\\View->getContents()
#9 E:\\kuliah syahwa\\Semester 4\\Pemogramman Web\\laravel\\belajar-1\\vendor\\laravel\\framework\\src\\Illuminate\\View\\View.php(147): Illuminate\\View\\View->renderContents()
#10 E:\\kuliah syahwa\\Semester 4\\Pemogramman Web\\laravel\\belajar-1\\vendor\\laravel\\framework\\src\\Illuminate\\Http\\Response.php(69): Illuminate\\View\\View->render()
#11 E:\\kuliah syahwa\\Semester 4\\Pemogramman Web\\laravel\\belajar-1\\vendor\\laravel\\framework\\src\\Illuminate\\Http\\Response.php(35): Illuminate\\Http\\Response->setContent(Object(Illuminate\\View\\View))
#12 E:\\kuliah syahwa\\Semester 4\\Pemogramman Web\\laravel\\belajar-1\\vendor\\laravel\\framework\\src\\Illuminate\\Routing\\Router.php(906): Illuminate\\Http\\Response->__construct(Object(Illuminate\\View\\View), 200, Array)
#13 E:\\kuliah syahwa\\Semester 4\\Pemogramman Web\\laravel\\belajar-1\\vendor\\laravel\\framework\\src\\Illuminate\\Routing\\Router.php(875): Illuminate\\Routing\\Router::toResponse(Object(Illuminate\\Http\\Request), Object(Illuminate\\View\\View))
#14 E:\\kuliah syahwa\\Semester 4\\Pemogramman Web\\laravel\\belajar-1\\vendor\\laravel\\framework\\src\\Illuminate\\Routing\\Router.php(797): Illuminate\\Routing\\Router->prepareResponse(Object(Illuminate\\Http\\Request), Object(Illuminate\\View\\View))
#15 E:\\kuliah syahwa\\Semester 4\\Pemogramman Web\\laravel\\belajar-1\\vendor\\laravel\\framework\\src\\Illuminate\\Pipeline\\Pipeline.php(141): Illuminate\\Routing\\Router->Illuminate\\Routing\\{closure}(Object(Illuminate\\Http\\Request))
#16 E:\\kuliah syahwa\\Semester 4\\Pemogramman Web\\laravel\\belajar-1\\vendor\\laravel\\framework\\src\\Illuminate\\Routing\\Middleware\\SubstituteBindings.php(50): Illuminate\\Pipeline\\Pipeline->Illuminate\\Pipeline\\{closure}(Object(Illuminate\\Http\\Request))
#17 E:\\kuliah syahwa\\Semester 4\\Pemogramman Web\\laravel\\belajar-1\\vendor\\laravel\\framework\\src\\Illuminate\\Pipeline\\Pipeline.php(180): Illuminate\\Routing\\Middleware\\SubstituteBindings->handle(Object(Illuminate\\Http\\Request), Object(Closure))
#18 E:\\kuliah syahwa\\Semester 4\\Pemogramman Web\\laravel\\belajar-1\\vendor\\laravel\\framework\\src\\Illuminate\\Foundation\\Http\\Middleware\\VerifyCsrfToken.php(78): Illuminate\\Pipeline\\Pipeline->Illuminate\\Pipeline\\{closure}(Object(Illuminate\\Http\\Request))
#19 E:\\kuliah syahwa\\Semester 4\\Pemogramman Web\\laravel\\belajar-1\\vendor\\laravel\\framework\\src\\Illuminate\\Pipeline\\Pipeline.php(180): Illuminate\\Foundation\\Http\\Middleware\\VerifyCsrfToken->handle(Object(Illuminate\\Http\\Request), Object(Closure))
#20 E:\\kuliah syahwa\\Semester 4\\Pemogramman Web\\laravel\\belajar-1\\vendor\\laravel\\framework\\src\\Illuminate\\View\\Middleware\\ShareErrorsFromSession.php(49): Illuminate\\Pipeline\\Pipeline->Illuminate\\Pipeline\\{closure}(Object(Illuminate\\Http\\Request))
#21 E:\\kuliah syahwa\\Semester 4\\Pemogramman Web\\laravel\\belajar-1\\vendor\\laravel\\framework\\src\\Illuminate\\Pipeline\\Pipeline.php(180): Illuminate\\View\\Middleware\\ShareErrorsFromSession->handle(Object(Illuminate\\Http\\Request), Object(Closure))
#22 E:\\kuliah syahwa\\Semester 4\\Pemogramman Web\\laravel\\belajar-1\\vendor\\laravel\\framework\\src\\Illuminate\\Session\\Middleware\\StartSession.php(121): Illuminate\\Pipeline\\Pipeline->Illuminate\\Pipeline\\{closure}(Object(Illuminate\\Http\\Request))
#23 E:\\kuliah syahwa\\Semester 4\\Pemogramman Web\\laravel\\belajar-1\\vendor\\laravel\\framework\\src\\Illuminate\\Session\\Middleware\\StartSession.php(64): Illuminate\\Session\\Middleware\\StartSession->handleStatefulRequest(Object(Illuminate\\Http\\Request), Object(Illuminate\\Session\\Store), Object(Closure))
#24 E:\\kuliah syahwa\\Semester 4\\Pemogramman Web\\laravel\\belajar-1\\vendor\\laravel\\framework\\src\\Illuminate\\Pipeline\\Pipeline.php(180): Illuminate\\Session\\Middleware\\StartSession->handle(Object(Illuminate\\Http\\Request), Object(Closure))
#25 E:\\kuliah syahwa\\Semester 4\\Pemogramman Web\\laravel\\belajar-1\\vendor\\laravel\\framework\\src\\Illuminate\\Cookie\\Middleware\\AddQueuedCookiesToResponse.php(37): Illuminate\\Pipeline\\Pipeline->Illuminate\\Pipeline\\{closure}(Object(Illuminate\\Http\\Request))
#26 E:\\kuliah syahwa\\Semester 4\\Pemogramman Web\\laravel\\belajar-1\\vendor\\laravel\\framework\\src\\Illuminate\\Pipeline\\Pipeline.php(180): Illuminate\\Cookie\\Middleware\\AddQueuedCookiesToResponse->handle(Object(Illuminate\\Http\\Request), Object(Closure))
#27 E:\\kuliah syahwa\\Semester 4\\Pemogramman Web\\laravel\\belajar-1\\vendor\\laravel\\framework\\src\\Illuminate\\Cookie\\Middleware\\EncryptCookies.php(67): Illuminate\\Pipeline\\Pipeline->Illuminate\\Pipeline\\{closure}(Object(Illuminate\\Http\\Request))
#28 E:\\kuliah syahwa\\Semester 4\\Pemogramman Web\\laravel\\belajar-1\\vendor\\laravel\\framework\\src\\Illuminate\\Pipeline\\Pipeline.php(180): Illuminate\\Cookie\\Middleware\\EncryptCookies->handle(Object(Illuminate\\Http\\Request), Object(Closure))
#29 E:\\kuliah syahwa\\Semester 4\\Pemogramman Web\\laravel\\belajar-1\\vendor\\laravel\\framework\\src\\Illuminate\\Pipeline\\Pipeline.php(116): Illuminate\\Pipeline\\Pipeline->Illuminate\\Pipeline\\{closure}(Object(Illuminate\\Http\\Request))
#30 E:\\kuliah syahwa\\Semester 4\\Pemogramman Web\\laravel\\belajar-1\\vendor\\laravel\\framework\\src\\Illuminate\\Routing\\Router.php(797): Illuminate\\Pipeline\\Pipeline->then(Object(Closure))
#31 E:\\kuliah syahwa\\Semester 4\\Pemogramman Web\\laravel\\belajar-1\\vendor\\laravel\\framework\\src\\Illuminate\\Routing\\Router.php(776): Illuminate\\Routing\\Router->runRouteWithinStack(Object(Illuminate\\Routing\\Route), Object(Illuminate\\Http\\Request))
#32 E:\\kuliah syahwa\\Semester 4\\Pemogramman Web\\laravel\\belajar-1\\vendor\\laravel\\framework\\src\\Illuminate\\Routing\\Router.php(740): Illuminate\\Routing\\Router->runRoute(Object(Illuminate\\Http\\Request), Object(Illuminate\\Routing\\Route))
#33 E:\\kuliah syahwa\\Semester 4\\Pemogramman Web\\laravel\\belajar-1\\vendor\\laravel\\framework\\src\\Illuminate\\Routing\\Router.php(729): Illuminate\\Routing\\Router->dispatchToRoute(Object(Illuminate\\Http\\Request))
#34 E:\\kuliah syahwa\\Semester 4\\Pemogramman Web\\laravel\\belajar-1\\vendor\\laravel\\framework\\src\\Illuminate\\Foundation\\Http\\Kernel.php(190): Illuminate\\Routing\\Router->dispatch(Object(Illuminate\\Http\\Request))
#35 E:\\kuliah syahwa\\Semester 4\\Pemogramman Web\\laravel\\belajar-1\\vendor\\laravel\\framework\\src\\Illuminate\\Pipeline\\Pipeline.php(141): Illuminate\\Foundation\\Http\\Kernel->Illuminate\\Foundation\\Http\\{closure}(Object(Illuminate\\Http\\Request))
#36 E:\\kuliah syahwa\\Semester 4\\Pemogramman Web\\laravel\\belajar-1\\vendor\\laravel\\framework\\src\\Illuminate\\Foundation\\Http\\Middleware\\TransformsRequest.php(21): Illuminate\\Pipeline\\Pipeline->Illuminate\\Pipeline\\{closure}(Object(Illuminate\\Http\\Request))
#37 E:\\kuliah syahwa\\Semester 4\\Pemogramman Web\\laravel\\belajar-1\\vendor\\laravel\\framework\\src\\Illuminate\\Foundation\\Http\\Middleware\\ConvertEmptyStringsToNull.php(31): Illuminate\\Foundation\\Http\\Middleware\\TransformsRequest->handle(Object(Illuminate\\Http\\Request), Object(Closure))
#38 E:\\kuliah syahwa\\Semester 4\\Pemogramman Web\\laravel\\belajar-1\\vendor\\laravel\\framework\\src\\Illuminate\\Pipeline\\Pipeline.php(180): Illuminate\\Foundation\\Http\\Middleware\\ConvertEmptyStringsToNull->handle(Object(Illuminate\\Http\\Request), Object(Closure))
#39 E:\\kuliah syahwa\\Semester 4\\Pemogramman Web\\laravel\\belajar-1\\vendor\\laravel\\framework\\src\\Illuminate\\Foundation\\Http\\Middleware\\TransformsRequest.php(21): Illuminate\\Pipeline\\Pipeline->Illuminate\\Pipeline\\{closure}(Object(Illuminate\\Http\\Request))
#40 E:\\kuliah syahwa\\Semester 4\\Pemogramman Web\\laravel\\belajar-1\\vendor\\laravel\\framework\\src\\Illuminate\\Foundation\\Http\\Middleware\\TrimStrings.php(40): Illuminate\\Foundation\\Http\\Middleware\\TransformsRequest->handle(Object(Illuminate\\Http\\Request), Object(Closure))
#41 E:\\kuliah syahwa\\Semester 4\\Pemogramman Web\\laravel\\belajar-1\\vendor\\laravel\\framework\\src\\Illuminate\\Pipeline\\Pipeline.php(180): Illuminate\\Foundation\\Http\\Middleware\\TrimStrings->handle(Object(Illuminate\\Http\\Request), Object(Closure))
#42 E:\\kuliah syahwa\\Semester 4\\Pemogramman Web\\laravel\\belajar-1\\vendor\\laravel\\framework\\src\\Illuminate\\Foundation\\Http\\Middleware\\ValidatePostSize.php(27): Illuminate\\Pipeline\\Pipeline->Illuminate\\Pipeline\\{closure}(Object(Illuminate\\Http\\Request))
#43 E:\\kuliah syahwa\\Semester 4\\Pemogramman Web\\laravel\\belajar-1\\vendor\\laravel\\framework\\src\\Illuminate\\Pipeline\\Pipeline.php(180): Illuminate\\Foundation\\Http\\Middleware\\ValidatePostSize->handle(Object(Illuminate\\Http\\Request), Object(Closure))
#44 E:\\kuliah syahwa\\Semester 4\\Pemogramman Web\\laravel\\belajar-1\\vendor\\laravel\\framework\\src\\Illuminate\\Foundation\\Http\\Middleware\\PreventRequestsDuringMaintenance.php(86): Illuminate\\Pipeline\\Pipeline->Illuminate\\Pipeline\\{closure}(Object(Illuminate\\Http\\Request))
#45 E:\\kuliah syahwa\\Semester 4\\Pemogramman Web\\laravel\\belajar-1\\vendor\\laravel\\framework\\src\\Illuminate\\Pipeline\\Pipeline.php(180): Illuminate\\Foundation\\Http\\Middleware\\PreventRequestsDuringMaintenance->handle(Object(Illuminate\\Http\\Request), Object(Closure))
#46 E:\\kuliah syahwa\\Semester 4\\Pemogramman Web\\laravel\\belajar-1\\vendor\\laravel\\framework\\src\\Illuminate\\Http\\Middleware\\HandleCors.php(49): Illuminate\\Pipeline\\Pipeline->Illuminate\\Pipeline\\{closure}(Object(Illuminate\\Http\\Request))
#47 E:\\kuliah syahwa\\Semester 4\\Pemogramman Web\\laravel\\belajar-1\\vendor\\laravel\\framework\\src\\Illuminate\\Pipeline\\Pipeline.php(180): Illuminate\\Http\\Middleware\\HandleCors->handle(Object(Illuminate\\Http\\Request), Object(Closure))
#48 E:\\kuliah syahwa\\Semester 4\\Pemogramman Web\\laravel\\belajar-1\\vendor\\laravel\\framework\\src\\Illuminate\\Http\\Middleware\\TrustProxies.php(39): Illuminate\\Pipeline\\Pipeline->Illuminate\\Pipeline\\{closure}(Object(Illuminate\\Http\\Request))
#49 E:\\kuliah syahwa\\Semester 4\\Pemogramman Web\\laravel\\belajar-1\\vendor\\laravel\\framework\\src\\Illuminate\\Pipeline\\Pipeline.php(180): Illuminate\\Http\\Middleware\\TrustProxies->handle(Object(Illuminate\\Http\\Request), Object(Closure))
#50 E:\\kuliah syahwa\\Semester 4\\Pemogramman Web\\laravel\\belajar-1\\vendor\\laravel\\framework\\src\\Illuminate\\Pipeline\\Pipeline.php(116): Illuminate\\Pipeline\\Pipeline->Illuminate\\Pipeline\\{closure}(Object(Illuminate\\Http\\Request))
#51 E:\\kuliah syahwa\\Semester 4\\Pemogramman Web\\laravel\\belajar-1\\vendor\\laravel\\framework\\src\\Illuminate\\Foundation\\Http\\Kernel.php(165): Illuminate\\Pipeline\\Pipeline->then(Object(Closure))
#52 E:\\kuliah syahwa\\Semester 4\\Pemogramman Web\\laravel\\belajar-1\\vendor\\laravel\\framework\\src\\Illuminate\\Foundation\\Http\\Kernel.php(134): Illuminate\\Foundation\\Http\\Kernel->sendRequestThroughRouter(Object(Illuminate\\Http\\Request))
#53 E:\\kuliah syahwa\\Semester 4\\Pemogramman Web\\laravel\\belajar-1\\public\\index.php(51): Illuminate\\Foundation\\Http\\Kernel->handle(Object(Illuminate\\Http\\Request))
#54 E:\\kuliah syahwa\\Semester 4\\Pemogramman Web\\laravel\\belajar-1\\vendor\\laravel\\framework\\src\\Illuminate\\Foundation\\resources\\server.php(16): require_once('E:\\\\kuliah syahw...')
#55 {main}
"} 
[2025-04-28 12:26:42] local.ERROR: View [layout.aplikasi] not found. {"view":{"view":"E:\\kuliah syahwa\\Semester 4\\Pemogramman Web\\laravel\\belajar-1\\resources\\views\\sesi\\index.blade.php","data":{"errors":"<pre class=sf-dump id=sf-dump-1942949978 data-indent-pad=\"  \"><span class=sf-dump-note>Illuminate\\Support\\ViewErrorBag</span> {<a class=sf-dump-ref>#270</a><samp data-depth=1 class=sf-dump-expanded>
  #<span class=sf-dump-protected title=\"Protected property\">bags</span>: []
</samp>}
</pre><script>Sfdump(\"sf-dump-1942949978\", {\"maxDepth\":3,\"maxStringLength\":160})</script>
"}},"exception":"[object] (Spatie\\LaravelIgnition\\Exceptions\\ViewException(code: 0): View [layout.aplikasi] not found. at E:\\kuliah syahwa\\Semester 4\\Pemogramman Web\\laravel\\belajar-1\\vendor\\laravel\\framework\\src\\Illuminate\\View\\FileViewFinder.php:137)
[stacktrace]
#0 E:\\kuliah syahwa\\Semester 4\\Pemogramman Web\\laravel\\belajar-1\\vendor\\laravel\\framework\\src\\Illuminate\\View\\FileViewFinder.php(79): Illuminate\\View\\FileViewFinder->findInPaths('layout.aplikasi', Array)
#1 E:\\kuliah syahwa\\Semester 4\\Pemogramman Web\\laravel\\belajar-1\\vendor\\laravel\\framework\\src\\Illuminate\\View\\Factory.php(137): Illuminate\\View\\FileViewFinder->find('layout.aplikasi')
#2 E:\\kuliah syahwa\\Semester 4\\Pemogramman Web\\laravel\\belajar-1\\resources\\views\\sesi\\index.blade.php(22): Illuminate\\View\\Factory->make('layout.aplikasi', Array)
#3 E:\\kuliah syahwa\\Semester 4\\Pemogramman Web\\laravel\\belajar-1\\vendor\\laravel\\framework\\src\\Illuminate\\Filesystem\\Filesystem.php(109): require('E:\\\\kuliah syahw...')
#4 E:\\kuliah syahwa\\Semester 4\\Pemogramman Web\\laravel\\belajar-1\\vendor\\laravel\\framework\\src\\Illuminate\\Filesystem\\Filesystem.php(110): Illuminate\\Filesystem\\Filesystem::Illuminate\\Filesystem\\{closure}()
#5 E:\\kuliah syahwa\\Semester 4\\Pemogramman Web\\laravel\\belajar-1\\vendor\\laravel\\framework\\src\\Illuminate\\View\\Engines\\PhpEngine.php(58): Illuminate\\Filesystem\\Filesystem->getRequire('E:\\\\kuliah syahw...', Array)
#6 E:\\kuliah syahwa\\Semester 4\\Pemogramman Web\\laravel\\belajar-1\\vendor\\laravel\\framework\\src\\Illuminate\\View\\Engines\\CompilerEngine.php(70): Illuminate\\View\\Engines\\PhpEngine->evaluatePath('E:\\\\kuliah syahw...', Array)
#7 E:\\kuliah syahwa\\Semester 4\\Pemogramman Web\\laravel\\belajar-1\\vendor\\laravel\\framework\\src\\Illuminate\\View\\View.php(195): Illuminate\\View\\Engines\\CompilerEngine->get('E:\\\\kuliah syahw...', Array)
#8 E:\\kuliah syahwa\\Semester 4\\Pemogramman Web\\laravel\\belajar-1\\vendor\\laravel\\framework\\src\\Illuminate\\View\\View.php(178): Illuminate\\View\\View->getContents()
#9 E:\\kuliah syahwa\\Semester 4\\Pemogramman Web\\laravel\\belajar-1\\vendor\\laravel\\framework\\src\\Illuminate\\View\\View.php(147): Illuminate\\View\\View->renderContents()
#10 E:\\kuliah syahwa\\Semester 4\\Pemogramman Web\\laravel\\belajar-1\\vendor\\laravel\\framework\\src\\Illuminate\\Http\\Response.php(69): Illuminate\\View\\View->render()
#11 E:\\kuliah syahwa\\Semester 4\\Pemogramman Web\\laravel\\belajar-1\\vendor\\laravel\\framework\\src\\Illuminate\\Http\\Response.php(35): Illuminate\\Http\\Response->setContent(Object(Illuminate\\View\\View))
#12 E:\\kuliah syahwa\\Semester 4\\Pemogramman Web\\laravel\\belajar-1\\vendor\\laravel\\framework\\src\\Illuminate\\Routing\\Router.php(906): Illuminate\\Http\\Response->__construct(Object(Illuminate\\View\\View), 200, Array)
#13 E:\\kuliah syahwa\\Semester 4\\Pemogramman Web\\laravel\\belajar-1\\vendor\\laravel\\framework\\src\\Illuminate\\Routing\\Router.php(875): Illuminate\\Routing\\Router::toResponse(Object(Illuminate\\Http\\Request), Object(Illuminate\\View\\View))
#14 E:\\kuliah syahwa\\Semester 4\\Pemogramman Web\\laravel\\belajar-1\\vendor\\laravel\\framework\\src\\Illuminate\\Routing\\Router.php(797): Illuminate\\Routing\\Router->prepareResponse(Object(Illuminate\\Http\\Request), Object(Illuminate\\View\\View))
#15 E:\\kuliah syahwa\\Semester 4\\Pemogramman Web\\laravel\\belajar-1\\vendor\\laravel\\framework\\src\\Illuminate\\Pipeline\\Pipeline.php(141): Illuminate\\Routing\\Router->Illuminate\\Routing\\{closure}(Object(Illuminate\\Http\\Request))
#16 E:\\kuliah syahwa\\Semester 4\\Pemogramman Web\\laravel\\belajar-1\\vendor\\laravel\\framework\\src\\Illuminate\\Routing\\Middleware\\SubstituteBindings.php(50): Illuminate\\Pipeline\\Pipeline->Illuminate\\Pipeline\\{closure}(Object(Illuminate\\Http\\Request))
#17 E:\\kuliah syahwa\\Semester 4\\Pemogramman Web\\laravel\\belajar-1\\vendor\\laravel\\framework\\src\\Illuminate\\Pipeline\\Pipeline.php(180): Illuminate\\Routing\\Middleware\\SubstituteBindings->handle(Object(Illuminate\\Http\\Request), Object(Closure))
#18 E:\\kuliah syahwa\\Semester 4\\Pemogramman Web\\laravel\\belajar-1\\vendor\\laravel\\framework\\src\\Illuminate\\Foundation\\Http\\Middleware\\VerifyCsrfToken.php(78): Illuminate\\Pipeline\\Pipeline->Illuminate\\Pipeline\\{closure}(Object(Illuminate\\Http\\Request))
#19 E:\\kuliah syahwa\\Semester 4\\Pemogramman Web\\laravel\\belajar-1\\vendor\\laravel\\framework\\src\\Illuminate\\Pipeline\\Pipeline.php(180): Illuminate\\Foundation\\Http\\Middleware\\VerifyCsrfToken->handle(Object(Illuminate\\Http\\Request), Object(Closure))
#20 E:\\kuliah syahwa\\Semester 4\\Pemogramman Web\\laravel\\belajar-1\\vendor\\laravel\\framework\\src\\Illuminate\\View\\Middleware\\ShareErrorsFromSession.php(49): Illuminate\\Pipeline\\Pipeline->Illuminate\\Pipeline\\{closure}(Object(Illuminate\\Http\\Request))
#21 E:\\kuliah syahwa\\Semester 4\\Pemogramman Web\\laravel\\belajar-1\\vendor\\laravel\\framework\\src\\Illuminate\\Pipeline\\Pipeline.php(180): Illuminate\\View\\Middleware\\ShareErrorsFromSession->handle(Object(Illuminate\\Http\\Request), Object(Closure))
#22 E:\\kuliah syahwa\\Semester 4\\Pemogramman Web\\laravel\\belajar-1\\vendor\\laravel\\framework\\src\\Illuminate\\Session\\Middleware\\StartSession.php(121): Illuminate\\Pipeline\\Pipeline->Illuminate\\Pipeline\\{closure}(Object(Illuminate\\Http\\Request))
#23 E:\\kuliah syahwa\\Semester 4\\Pemogramman Web\\laravel\\belajar-1\\vendor\\laravel\\framework\\src\\Illuminate\\Session\\Middleware\\StartSession.php(64): Illuminate\\Session\\Middleware\\StartSession->handleStatefulRequest(Object(Illuminate\\Http\\Request), Object(Illuminate\\Session\\Store), Object(Closure))
#24 E:\\kuliah syahwa\\Semester 4\\Pemogramman Web\\laravel\\belajar-1\\vendor\\laravel\\framework\\src\\Illuminate\\Pipeline\\Pipeline.php(180): Illuminate\\Session\\Middleware\\StartSession->handle(Object(Illuminate\\Http\\Request), Object(Closure))
#25 E:\\kuliah syahwa\\Semester 4\\Pemogramman Web\\laravel\\belajar-1\\vendor\\laravel\\framework\\src\\Illuminate\\Cookie\\Middleware\\AddQueuedCookiesToResponse.php(37): Illuminate\\Pipeline\\Pipeline->Illuminate\\Pipeline\\{closure}(Object(Illuminate\\Http\\Request))
#26 E:\\kuliah syahwa\\Semester 4\\Pemogramman Web\\laravel\\belajar-1\\vendor\\laravel\\framework\\src\\Illuminate\\Pipeline\\Pipeline.php(180): Illuminate\\Cookie\\Middleware\\AddQueuedCookiesToResponse->handle(Object(Illuminate\\Http\\Request), Object(Closure))
#27 E:\\kuliah syahwa\\Semester 4\\Pemogramman Web\\laravel\\belajar-1\\vendor\\laravel\\framework\\src\\Illuminate\\Cookie\\Middleware\\EncryptCookies.php(67): Illuminate\\Pipeline\\Pipeline->Illuminate\\Pipeline\\{closure}(Object(Illuminate\\Http\\Request))
#28 E:\\kuliah syahwa\\Semester 4\\Pemogramman Web\\laravel\\belajar-1\\vendor\\laravel\\framework\\src\\Illuminate\\Pipeline\\Pipeline.php(180): Illuminate\\Cookie\\Middleware\\EncryptCookies->handle(Object(Illuminate\\Http\\Request), Object(Closure))
#29 E:\\kuliah syahwa\\Semester 4\\Pemogramman Web\\laravel\\belajar-1\\vendor\\laravel\\framework\\src\\Illuminate\\Pipeline\\Pipeline.php(116): Illuminate\\Pipeline\\Pipeline->Illuminate\\Pipeline\\{closure}(Object(Illuminate\\Http\\Request))
#30 E:\\kuliah syahwa\\Semester 4\\Pemogramman Web\\laravel\\belajar-1\\vendor\\laravel\\framework\\src\\Illuminate\\Routing\\Router.php(797): Illuminate\\Pipeline\\Pipeline->then(Object(Closure))
#31 E:\\kuliah syahwa\\Semester 4\\Pemogramman Web\\laravel\\belajar-1\\vendor\\laravel\\framework\\src\\Illuminate\\Routing\\Router.php(776): Illuminate\\Routing\\Router->runRouteWithinStack(Object(Illuminate\\Routing\\Route), Object(Illuminate\\Http\\Request))
#32 E:\\kuliah syahwa\\Semester 4\\Pemogramman Web\\laravel\\belajar-1\\vendor\\laravel\\framework\\src\\Illuminate\\Routing\\Router.php(740): Illuminate\\Routing\\Router->runRoute(Object(Illuminate\\Http\\Request), Object(Illuminate\\Routing\\Route))
#33 E:\\kuliah syahwa\\Semester 4\\Pemogramman Web\\laravel\\belajar-1\\vendor\\laravel\\framework\\src\\Illuminate\\Routing\\Router.php(729): Illuminate\\Routing\\Router->dispatchToRoute(Object(Illuminate\\Http\\Request))
#34 E:\\kuliah syahwa\\Semester 4\\Pemogramman Web\\laravel\\belajar-1\\vendor\\laravel\\framework\\src\\Illuminate\\Foundation\\Http\\Kernel.php(190): Illuminate\\Routing\\Router->dispatch(Object(Illuminate\\Http\\Request))
#35 E:\\kuliah syahwa\\Semester 4\\Pemogramman Web\\laravel\\belajar-1\\vendor\\laravel\\framework\\src\\Illuminate\\Pipeline\\Pipeline.php(141): Illuminate\\Foundation\\Http\\Kernel->Illuminate\\Foundation\\Http\\{closure}(Object(Illuminate\\Http\\Request))
#36 E:\\kuliah syahwa\\Semester 4\\Pemogramman Web\\laravel\\belajar-1\\vendor\\laravel\\framework\\src\\Illuminate\\Foundation\\Http\\Middleware\\TransformsRequest.php(21): Illuminate\\Pipeline\\Pipeline->Illuminate\\Pipeline\\{closure}(Object(Illuminate\\Http\\Request))
#37 E:\\kuliah syahwa\\Semester 4\\Pemogramman Web\\laravel\\belajar-1\\vendor\\laravel\\framework\\src\\Illuminate\\Foundation\\Http\\Middleware\\ConvertEmptyStringsToNull.php(31): Illuminate\\Foundation\\Http\\Middleware\\TransformsRequest->handle(Object(Illuminate\\Http\\Request), Object(Closure))
#38 E:\\kuliah syahwa\\Semester 4\\Pemogramman Web\\laravel\\belajar-1\\vendor\\laravel\\framework\\src\\Illuminate\\Pipeline\\Pipeline.php(180): Illuminate\\Foundation\\Http\\Middleware\\ConvertEmptyStringsToNull->handle(Object(Illuminate\\Http\\Request), Object(Closure))
#39 E:\\kuliah syahwa\\Semester 4\\Pemogramman Web\\laravel\\belajar-1\\vendor\\laravel\\framework\\src\\Illuminate\\Foundation\\Http\\Middleware\\TransformsRequest.php(21): Illuminate\\Pipeline\\Pipeline->Illuminate\\Pipeline\\{closure}(Object(Illuminate\\Http\\Request))
#40 E:\\kuliah syahwa\\Semester 4\\Pemogramman Web\\laravel\\belajar-1\\vendor\\laravel\\framework\\src\\Illuminate\\Foundation\\Http\\Middleware\\TrimStrings.php(40): Illuminate\\Foundation\\Http\\Middleware\\TransformsRequest->handle(Object(Illuminate\\Http\\Request), Object(Closure))
#41 E:\\kuliah syahwa\\Semester 4\\Pemogramman Web\\laravel\\belajar-1\\vendor\\laravel\\framework\\src\\Illuminate\\Pipeline\\Pipeline.php(180): Illuminate\\Foundation\\Http\\Middleware\\TrimStrings->handle(Object(Illuminate\\Http\\Request), Object(Closure))
#42 E:\\kuliah syahwa\\Semester 4\\Pemogramman Web\\laravel\\belajar-1\\vendor\\laravel\\framework\\src\\Illuminate\\Foundation\\Http\\Middleware\\ValidatePostSize.php(27): Illuminate\\Pipeline\\Pipeline->Illuminate\\Pipeline\\{closure}(Object(Illuminate\\Http\\Request))
#43 E:\\kuliah syahwa\\Semester 4\\Pemogramman Web\\laravel\\belajar-1\\vendor\\laravel\\framework\\src\\Illuminate\\Pipeline\\Pipeline.php(180): Illuminate\\Foundation\\Http\\Middleware\\ValidatePostSize->handle(Object(Illuminate\\Http\\Request), Object(Closure))
#44 E:\\kuliah syahwa\\Semester 4\\Pemogramman Web\\laravel\\belajar-1\\vendor\\laravel\\framework\\src\\Illuminate\\Foundation\\Http\\Middleware\\PreventRequestsDuringMaintenance.php(86): Illuminate\\Pipeline\\Pipeline->Illuminate\\Pipeline\\{closure}(Object(Illuminate\\Http\\Request))
#45 E:\\kuliah syahwa\\Semester 4\\Pemogramman Web\\laravel\\belajar-1\\vendor\\laravel\\framework\\src\\Illuminate\\Pipeline\\Pipeline.php(180): Illuminate\\Foundation\\Http\\Middleware\\PreventRequestsDuringMaintenance->handle(Object(Illuminate\\Http\\Request), Object(Closure))
#46 E:\\kuliah syahwa\\Semester 4\\Pemogramman Web\\laravel\\belajar-1\\vendor\\laravel\\framework\\src\\Illuminate\\Http\\Middleware\\HandleCors.php(49): Illuminate\\Pipeline\\Pipeline->Illuminate\\Pipeline\\{closure}(Object(Illuminate\\Http\\Request))
#47 E:\\kuliah syahwa\\Semester 4\\Pemogramman Web\\laravel\\belajar-1\\vendor\\laravel\\framework\\src\\Illuminate\\Pipeline\\Pipeline.php(180): Illuminate\\Http\\Middleware\\HandleCors->handle(Object(Illuminate\\Http\\Request), Object(Closure))
#48 E:\\kuliah syahwa\\Semester 4\\Pemogramman Web\\laravel\\belajar-1\\vendor\\laravel\\framework\\src\\Illuminate\\Http\\Middleware\\TrustProxies.php(39): Illuminate\\Pipeline\\Pipeline->Illuminate\\Pipeline\\{closure}(Object(Illuminate\\Http\\Request))
#49 E:\\kuliah syahwa\\Semester 4\\Pemogramman Web\\laravel\\belajar-1\\vendor\\laravel\\framework\\src\\Illuminate\\Pipeline\\Pipeline.php(180): Illuminate\\Http\\Middleware\\TrustProxies->handle(Object(Illuminate\\Http\\Request), Object(Closure))
#50 E:\\kuliah syahwa\\Semester 4\\Pemogramman Web\\laravel\\belajar-1\\vendor\\laravel\\framework\\src\\Illuminate\\Pipeline\\Pipeline.php(116): Illuminate\\Pipeline\\Pipeline->Illuminate\\Pipeline\\{closure}(Object(Illuminate\\Http\\Request))
#51 E:\\kuliah syahwa\\Semester 4\\Pemogramman Web\\laravel\\belajar-1\\vendor\\laravel\\framework\\src\\Illuminate\\Foundation\\Http\\Kernel.php(165): Illuminate\\Pipeline\\Pipeline->then(Object(Closure))
#52 E:\\kuliah syahwa\\Semester 4\\Pemogramman Web\\laravel\\belajar-1\\vendor\\laravel\\framework\\src\\Illuminate\\Foundation\\Http\\Kernel.php(134): Illuminate\\Foundation\\Http\\Kernel->sendRequestThroughRouter(Object(Illuminate\\Http\\Request))
#53 E:\\kuliah syahwa\\Semester 4\\Pemogramman Web\\laravel\\belajar-1\\public\\index.php(51): Illuminate\\Foundation\\Http\\Kernel->handle(Object(Illuminate\\Http\\Request))
#54 E:\\kuliah syahwa\\Semester 4\\Pemogramman Web\\laravel\\belajar-1\\vendor\\laravel\\framework\\src\\Illuminate\\Foundation\\resources\\server.php(16): require_once('E:\\\\kuliah syahw...')
#55 {main}

[previous exception] [object] (InvalidArgumentException(code: 0): View [layout.aplikasi] not found. at E:\\kuliah syahwa\\Semester 4\\Pemogramman Web\\laravel\\belajar-1\\vendor\\laravel\\framework\\src\\Illuminate\\View\\FileViewFinder.php:137)
[stacktrace]
#0 E:\\kuliah syahwa\\Semester 4\\Pemogramman Web\\laravel\\belajar-1\\vendor\\laravel\\framework\\src\\Illuminate\\View\\FileViewFinder.php(79): Illuminate\\View\\FileViewFinder->findInPaths('layout.aplikasi', Array)
#1 E:\\kuliah syahwa\\Semester 4\\Pemogramman Web\\laravel\\belajar-1\\vendor\\laravel\\framework\\src\\Illuminate\\View\\Factory.php(137): Illuminate\\View\\FileViewFinder->find('layout.aplikasi')
#2 E:\\kuliah syahwa\\Semester 4\\Pemogramman Web\\laravel\\belajar-1\\storage\\framework\\views\\ecad9f1ae69ae9f4d244e0db70cdbc2309baaeff.php(23): Illuminate\\View\\Factory->make('layout.aplikasi', Array)
#3 E:\\kuliah syahwa\\Semester 4\\Pemogramman Web\\laravel\\belajar-1\\vendor\\laravel\\framework\\src\\Illuminate\\Filesystem\\Filesystem.php(109): require('E:\\\\kuliah syahw...')
#4 E:\\kuliah syahwa\\Semester 4\\Pemogramman Web\\laravel\\belajar-1\\vendor\\laravel\\framework\\src\\Illuminate\\Filesystem\\Filesystem.php(110): Illuminate\\Filesystem\\Filesystem::Illuminate\\Filesystem\\{closure}()
#5 E:\\kuliah syahwa\\Semester 4\\Pemogramman Web\\laravel\\belajar-1\\vendor\\laravel\\framework\\src\\Illuminate\\View\\Engines\\PhpEngine.php(58): Illuminate\\Filesystem\\Filesystem->getRequire('E:\\\\kuliah syahw...', Array)
#6 E:\\kuliah syahwa\\Semester 4\\Pemogramman Web\\laravel\\belajar-1\\vendor\\laravel\\framework\\src\\Illuminate\\View\\Engines\\CompilerEngine.php(70): Illuminate\\View\\Engines\\PhpEngine->evaluatePath('E:\\\\kuliah syahw...', Array)
#7 E:\\kuliah syahwa\\Semester 4\\Pemogramman Web\\laravel\\belajar-1\\vendor\\laravel\\framework\\src\\Illuminate\\View\\View.php(195): Illuminate\\View\\Engines\\CompilerEngine->get('E:\\\\kuliah syahw...', Array)
#8 E:\\kuliah syahwa\\Semester 4\\Pemogramman Web\\laravel\\belajar-1\\vendor\\laravel\\framework\\src\\Illuminate\\View\\View.php(178): Illuminate\\View\\View->getContents()
#9 E:\\kuliah syahwa\\Semester 4\\Pemogramman Web\\laravel\\belajar-1\\vendor\\laravel\\framework\\src\\Illuminate\\View\\View.php(147): Illuminate\\View\\View->renderContents()
#10 E:\\kuliah syahwa\\Semester 4\\Pemogramman Web\\laravel\\belajar-1\\vendor\\laravel\\framework\\src\\Illuminate\\Http\\Response.php(69): Illuminate\\View\\View->render()
#11 E:\\kuliah syahwa\\Semester 4\\Pemogramman Web\\laravel\\belajar-1\\vendor\\laravel\\framework\\src\\Illuminate\\Http\\Response.php(35): Illuminate\\Http\\Response->setContent(Object(Illuminate\\View\\View))
#12 E:\\kuliah syahwa\\Semester 4\\Pemogramman Web\\laravel\\belajar-1\\vendor\\laravel\\framework\\src\\Illuminate\\Routing\\Router.php(906): Illuminate\\Http\\Response->__construct(Object(Illuminate\\View\\View), 200, Array)
#13 E:\\kuliah syahwa\\Semester 4\\Pemogramman Web\\laravel\\belajar-1\\vendor\\laravel\\framework\\src\\Illuminate\\Routing\\Router.php(875): Illuminate\\Routing\\Router::toResponse(Object(Illuminate\\Http\\Request), Object(Illuminate\\View\\View))
#14 E:\\kuliah syahwa\\Semester 4\\Pemogramman Web\\laravel\\belajar-1\\vendor\\laravel\\framework\\src\\Illuminate\\Routing\\Router.php(797): Illuminate\\Routing\\Router->prepareResponse(Object(Illuminate\\Http\\Request), Object(Illuminate\\View\\View))
#15 E:\\kuliah syahwa\\Semester 4\\Pemogramman Web\\laravel\\belajar-1\\vendor\\laravel\\framework\\src\\Illuminate\\Pipeline\\Pipeline.php(141): Illuminate\\Routing\\Router->Illuminate\\Routing\\{closure}(Object(Illuminate\\Http\\Request))
#16 E:\\kuliah syahwa\\Semester 4\\Pemogramman Web\\laravel\\belajar-1\\vendor\\laravel\\framework\\src\\Illuminate\\Routing\\Middleware\\SubstituteBindings.php(50): Illuminate\\Pipeline\\Pipeline->Illuminate\\Pipeline\\{closure}(Object(Illuminate\\Http\\Request))
#17 E:\\kuliah syahwa\\Semester 4\\Pemogramman Web\\laravel\\belajar-1\\vendor\\laravel\\framework\\src\\Illuminate\\Pipeline\\Pipeline.php(180): Illuminate\\Routing\\Middleware\\SubstituteBindings->handle(Object(Illuminate\\Http\\Request), Object(Closure))
#18 E:\\kuliah syahwa\\Semester 4\\Pemogramman Web\\laravel\\belajar-1\\vendor\\laravel\\framework\\src\\Illuminate\\Foundation\\Http\\Middleware\\VerifyCsrfToken.php(78): Illuminate\\Pipeline\\Pipeline->Illuminate\\Pipeline\\{closure}(Object(Illuminate\\Http\\Request))
#19 E:\\kuliah syahwa\\Semester 4\\Pemogramman Web\\laravel\\belajar-1\\vendor\\laravel\\framework\\src\\Illuminate\\Pipeline\\Pipeline.php(180): Illuminate\\Foundation\\Http\\Middleware\\VerifyCsrfToken->handle(Object(Illuminate\\Http\\Request), Object(Closure))
#20 E:\\kuliah syahwa\\Semester 4\\Pemogramman Web\\laravel\\belajar-1\\vendor\\laravel\\framework\\src\\Illuminate\\View\\Middleware\\ShareErrorsFromSession.php(49): Illuminate\\Pipeline\\Pipeline->Illuminate\\Pipeline\\{closure}(Object(Illuminate\\Http\\Request))
#21 E:\\kuliah syahwa\\Semester 4\\Pemogramman Web\\laravel\\belajar-1\\vendor\\laravel\\framework\\src\\Illuminate\\Pipeline\\Pipeline.php(180): Illuminate\\View\\Middleware\\ShareErrorsFromSession->handle(Object(Illuminate\\Http\\Request), Object(Closure))
#22 E:\\kuliah syahwa\\Semester 4\\Pemogramman Web\\laravel\\belajar-1\\vendor\\laravel\\framework\\src\\Illuminate\\Session\\Middleware\\StartSession.php(121): Illuminate\\Pipeline\\Pipeline->Illuminate\\Pipeline\\{closure}(Object(Illuminate\\Http\\Request))
#23 E:\\kuliah syahwa\\Semester 4\\Pemogramman Web\\laravel\\belajar-1\\vendor\\laravel\\framework\\src\\Illuminate\\Session\\Middleware\\StartSession.php(64): Illuminate\\Session\\Middleware\\StartSession->handleStatefulRequest(Object(Illuminate\\Http\\Request), Object(Illuminate\\Session\\Store), Object(Closure))
#24 E:\\kuliah syahwa\\Semester 4\\Pemogramman Web\\laravel\\belajar-1\\vendor\\laravel\\framework\\src\\Illuminate\\Pipeline\\Pipeline.php(180): Illuminate\\Session\\Middleware\\StartSession->handle(Object(Illuminate\\Http\\Request), Object(Closure))
#25 E:\\kuliah syahwa\\Semester 4\\Pemogramman Web\\laravel\\belajar-1\\vendor\\laravel\\framework\\src\\Illuminate\\Cookie\\Middleware\\AddQueuedCookiesToResponse.php(37): Illuminate\\Pipeline\\Pipeline->Illuminate\\Pipeline\\{closure}(Object(Illuminate\\Http\\Request))
#26 E:\\kuliah syahwa\\Semester 4\\Pemogramman Web\\laravel\\belajar-1\\vendor\\laravel\\framework\\src\\Illuminate\\Pipeline\\Pipeline.php(180): Illuminate\\Cookie\\Middleware\\AddQueuedCookiesToResponse->handle(Object(Illuminate\\Http\\Request), Object(Closure))
#27 E:\\kuliah syahwa\\Semester 4\\Pemogramman Web\\laravel\\belajar-1\\vendor\\laravel\\framework\\src\\Illuminate\\Cookie\\Middleware\\EncryptCookies.php(67): Illuminate\\Pipeline\\Pipeline->Illuminate\\Pipeline\\{closure}(Object(Illuminate\\Http\\Request))
#28 E:\\kuliah syahwa\\Semester 4\\Pemogramman Web\\laravel\\belajar-1\\vendor\\laravel\\framework\\src\\Illuminate\\Pipeline\\Pipeline.php(180): Illuminate\\Cookie\\Middleware\\EncryptCookies->handle(Object(Illuminate\\Http\\Request), Object(Closure))
#29 E:\\kuliah syahwa\\Semester 4\\Pemogramman Web\\laravel\\belajar-1\\vendor\\laravel\\framework\\src\\Illuminate\\Pipeline\\Pipeline.php(116): Illuminate\\Pipeline\\Pipeline->Illuminate\\Pipeline\\{closure}(Object(Illuminate\\Http\\Request))
#30 E:\\kuliah syahwa\\Semester 4\\Pemogramman Web\\laravel\\belajar-1\\vendor\\laravel\\framework\\src\\Illuminate\\Routing\\Router.php(797): Illuminate\\Pipeline\\Pipeline->then(Object(Closure))
#31 E:\\kuliah syahwa\\Semester 4\\Pemogramman Web\\laravel\\belajar-1\\vendor\\laravel\\framework\\src\\Illuminate\\Routing\\Router.php(776): Illuminate\\Routing\\Router->runRouteWithinStack(Object(Illuminate\\Routing\\Route), Object(Illuminate\\Http\\Request))
#32 E:\\kuliah syahwa\\Semester 4\\Pemogramman Web\\laravel\\belajar-1\\vendor\\laravel\\framework\\src\\Illuminate\\Routing\\Router.php(740): Illuminate\\Routing\\Router->runRoute(Object(Illuminate\\Http\\Request), Object(Illuminate\\Routing\\Route))
#33 E:\\kuliah syahwa\\Semester 4\\Pemogramman Web\\laravel\\belajar-1\\vendor\\laravel\\framework\\src\\Illuminate\\Routing\\Router.php(729): Illuminate\\Routing\\Router->dispatchToRoute(Object(Illuminate\\Http\\Request))
#34 E:\\kuliah syahwa\\Semester 4\\Pemogramman Web\\laravel\\belajar-1\\vendor\\laravel\\framework\\src\\Illuminate\\Foundation\\Http\\Kernel.php(190): Illuminate\\Routing\\Router->dispatch(Object(Illuminate\\Http\\Request))
#35 E:\\kuliah syahwa\\Semester 4\\Pemogramman Web\\laravel\\belajar-1\\vendor\\laravel\\framework\\src\\Illuminate\\Pipeline\\Pipeline.php(141): Illuminate\\Foundation\\Http\\Kernel->Illuminate\\Foundation\\Http\\{closure}(Object(Illuminate\\Http\\Request))
#36 E:\\kuliah syahwa\\Semester 4\\Pemogramman Web\\laravel\\belajar-1\\vendor\\laravel\\framework\\src\\Illuminate\\Foundation\\Http\\Middleware\\TransformsRequest.php(21): Illuminate\\Pipeline\\Pipeline->Illuminate\\Pipeline\\{closure}(Object(Illuminate\\Http\\Request))
#37 E:\\kuliah syahwa\\Semester 4\\Pemogramman Web\\laravel\\belajar-1\\vendor\\laravel\\framework\\src\\Illuminate\\Foundation\\Http\\Middleware\\ConvertEmptyStringsToNull.php(31): Illuminate\\Foundation\\Http\\Middleware\\TransformsRequest->handle(Object(Illuminate\\Http\\Request), Object(Closure))
#38 E:\\kuliah syahwa\\Semester 4\\Pemogramman Web\\laravel\\belajar-1\\vendor\\laravel\\framework\\src\\Illuminate\\Pipeline\\Pipeline.php(180): Illuminate\\Foundation\\Http\\Middleware\\ConvertEmptyStringsToNull->handle(Object(Illuminate\\Http\\Request), Object(Closure))
#39 E:\\kuliah syahwa\\Semester 4\\Pemogramman Web\\laravel\\belajar-1\\vendor\\laravel\\framework\\src\\Illuminate\\Foundation\\Http\\Middleware\\TransformsRequest.php(21): Illuminate\\Pipeline\\Pipeline->Illuminate\\Pipeline\\{closure}(Object(Illuminate\\Http\\Request))
#40 E:\\kuliah syahwa\\Semester 4\\Pemogramman Web\\laravel\\belajar-1\\vendor\\laravel\\framework\\src\\Illuminate\\Foundation\\Http\\Middleware\\TrimStrings.php(40): Illuminate\\Foundation\\Http\\Middleware\\TransformsRequest->handle(Object(Illuminate\\Http\\Request), Object(Closure))
#41 E:\\kuliah syahwa\\Semester 4\\Pemogramman Web\\laravel\\belajar-1\\vendor\\laravel\\framework\\src\\Illuminate\\Pipeline\\Pipeline.php(180): Illuminate\\Foundation\\Http\\Middleware\\TrimStrings->handle(Object(Illuminate\\Http\\Request), Object(Closure))
#42 E:\\kuliah syahwa\\Semester 4\\Pemogramman Web\\laravel\\belajar-1\\vendor\\laravel\\framework\\src\\Illuminate\\Foundation\\Http\\Middleware\\ValidatePostSize.php(27): Illuminate\\Pipeline\\Pipeline->Illuminate\\Pipeline\\{closure}(Object(Illuminate\\Http\\Request))
#43 E:\\kuliah syahwa\\Semester 4\\Pemogramman Web\\laravel\\belajar-1\\vendor\\laravel\\framework\\src\\Illuminate\\Pipeline\\Pipeline.php(180): Illuminate\\Foundation\\Http\\Middleware\\ValidatePostSize->handle(Object(Illuminate\\Http\\Request), Object(Closure))
#44 E:\\kuliah syahwa\\Semester 4\\Pemogramman Web\\laravel\\belajar-1\\vendor\\laravel\\framework\\src\\Illuminate\\Foundation\\Http\\Middleware\\PreventRequestsDuringMaintenance.php(86): Illuminate\\Pipeline\\Pipeline->Illuminate\\Pipeline\\{closure}(Object(Illuminate\\Http\\Request))
#45 E:\\kuliah syahwa\\Semester 4\\Pemogramman Web\\laravel\\belajar-1\\vendor\\laravel\\framework\\src\\Illuminate\\Pipeline\\Pipeline.php(180): Illuminate\\Foundation\\Http\\Middleware\\PreventRequestsDuringMaintenance->handle(Object(Illuminate\\Http\\Request), Object(Closure))
#46 E:\\kuliah syahwa\\Semester 4\\Pemogramman Web\\laravel\\belajar-1\\vendor\\laravel\\framework\\src\\Illuminate\\Http\\Middleware\\HandleCors.php(49): Illuminate\\Pipeline\\Pipeline->Illuminate\\Pipeline\\{closure}(Object(Illuminate\\Http\\Request))
#47 E:\\kuliah syahwa\\Semester 4\\Pemogramman Web\\laravel\\belajar-1\\vendor\\laravel\\framework\\src\\Illuminate\\Pipeline\\Pipeline.php(180): Illuminate\\Http\\Middleware\\HandleCors->handle(Object(Illuminate\\Http\\Request), Object(Closure))
#48 E:\\kuliah syahwa\\Semester 4\\Pemogramman Web\\laravel\\belajar-1\\vendor\\laravel\\framework\\src\\Illuminate\\Http\\Middleware\\TrustProxies.php(39): Illuminate\\Pipeline\\Pipeline->Illuminate\\Pipeline\\{closure}(Object(Illuminate\\Http\\Request))
#49 E:\\kuliah syahwa\\Semester 4\\Pemogramman Web\\laravel\\belajar-1\\vendor\\laravel\\framework\\src\\Illuminate\\Pipeline\\Pipeline.php(180): Illuminate\\Http\\Middleware\\TrustProxies->handle(Object(Illuminate\\Http\\Request), Object(Closure))
#50 E:\\kuliah syahwa\\Semester 4\\Pemogramman Web\\laravel\\belajar-1\\vendor\\laravel\\framework\\src\\Illuminate\\Pipeline\\Pipeline.php(116): Illuminate\\Pipeline\\Pipeline->Illuminate\\Pipeline\\{closure}(Object(Illuminate\\Http\\Request))
#51 E:\\kuliah syahwa\\Semester 4\\Pemogramman Web\\laravel\\belajar-1\\vendor\\laravel\\framework\\src\\Illuminate\\Foundation\\Http\\Kernel.php(165): Illuminate\\Pipeline\\Pipeline->then(Object(Closure))
#52 E:\\kuliah syahwa\\Semester 4\\Pemogramman Web\\laravel\\belajar-1\\vendor\\laravel\\framework\\src\\Illuminate\\Foundation\\Http\\Kernel.php(134): Illuminate\\Foundation\\Http\\Kernel->sendRequestThroughRouter(Object(Illuminate\\Http\\Request))
#53 E:\\kuliah syahwa\\Semester 4\\Pemogramman Web\\laravel\\belajar-1\\public\\index.php(51): Illuminate\\Foundation\\Http\\Kernel->handle(Object(Illuminate\\Http\\Request))
#54 E:\\kuliah syahwa\\Semester 4\\Pemogramman Web\\laravel\\belajar-1\\vendor\\laravel\\framework\\src\\Illuminate\\Foundation\\resources\\server.php(16): require_once('E:\\\\kuliah syahw...')
#55 {main}
"} 
[2025-04-28 12:27:23] local.ERROR: View [layout.aplikasi] not found. {"view":{"view":"E:\\kuliah syahwa\\Semester 4\\Pemogramman Web\\laravel\\belajar-1\\resources\\views\\sesi\\index.blade.php","data":{"errors":"<pre class=sf-dump id=sf-dump-697101769 data-indent-pad=\"  \"><span class=sf-dump-note>Illuminate\\Support\\ViewErrorBag</span> {<a class=sf-dump-ref>#272</a><samp data-depth=1 class=sf-dump-expanded>
  #<span class=sf-dump-protected title=\"Protected property\">bags</span>: []
</samp>}
</pre><script>Sfdump(\"sf-dump-697101769\", {\"maxDepth\":3,\"maxStringLength\":160})</script>
"}},"exception":"[object] (Spatie\\LaravelIgnition\\Exceptions\\ViewException(code: 0): View [layout.aplikasi] not found. at E:\\kuliah syahwa\\Semester 4\\Pemogramman Web\\laravel\\belajar-1\\vendor\\laravel\\framework\\src\\Illuminate\\View\\FileViewFinder.php:137)
[stacktrace]
#0 E:\\kuliah syahwa\\Semester 4\\Pemogramman Web\\laravel\\belajar-1\\vendor\\laravel\\framework\\src\\Illuminate\\View\\FileViewFinder.php(79): Illuminate\\View\\FileViewFinder->findInPaths('layout.aplikasi', Array)
#1 E:\\kuliah syahwa\\Semester 4\\Pemogramman Web\\laravel\\belajar-1\\vendor\\laravel\\framework\\src\\Illuminate\\View\\Factory.php(137): Illuminate\\View\\FileViewFinder->find('layout.aplikasi')
#2 E:\\kuliah syahwa\\Semester 4\\Pemogramman Web\\laravel\\belajar-1\\resources\\views\\sesi\\index.blade.php(22): Illuminate\\View\\Factory->make('layout.aplikasi', Array)
#3 E:\\kuliah syahwa\\Semester 4\\Pemogramman Web\\laravel\\belajar-1\\vendor\\laravel\\framework\\src\\Illuminate\\Filesystem\\Filesystem.php(109): require('E:\\\\kuliah syahw...')
#4 E:\\kuliah syahwa\\Semester 4\\Pemogramman Web\\laravel\\belajar-1\\vendor\\laravel\\framework\\src\\Illuminate\\Filesystem\\Filesystem.php(110): Illuminate\\Filesystem\\Filesystem::Illuminate\\Filesystem\\{closure}()
#5 E:\\kuliah syahwa\\Semester 4\\Pemogramman Web\\laravel\\belajar-1\\vendor\\laravel\\framework\\src\\Illuminate\\View\\Engines\\PhpEngine.php(58): Illuminate\\Filesystem\\Filesystem->getRequire('E:\\\\kuliah syahw...', Array)
#6 E:\\kuliah syahwa\\Semester 4\\Pemogramman Web\\laravel\\belajar-1\\vendor\\laravel\\framework\\src\\Illuminate\\View\\Engines\\CompilerEngine.php(70): Illuminate\\View\\Engines\\PhpEngine->evaluatePath('E:\\\\kuliah syahw...', Array)
#7 E:\\kuliah syahwa\\Semester 4\\Pemogramman Web\\laravel\\belajar-1\\vendor\\laravel\\framework\\src\\Illuminate\\View\\View.php(195): Illuminate\\View\\Engines\\CompilerEngine->get('E:\\\\kuliah syahw...', Array)
#8 E:\\kuliah syahwa\\Semester 4\\Pemogramman Web\\laravel\\belajar-1\\vendor\\laravel\\framework\\src\\Illuminate\\View\\View.php(178): Illuminate\\View\\View->getContents()
#9 E:\\kuliah syahwa\\Semester 4\\Pemogramman Web\\laravel\\belajar-1\\vendor\\laravel\\framework\\src\\Illuminate\\View\\View.php(147): Illuminate\\View\\View->renderContents()
#10 E:\\kuliah syahwa\\Semester 4\\Pemogramman Web\\laravel\\belajar-1\\vendor\\laravel\\framework\\src\\Illuminate\\Http\\Response.php(69): Illuminate\\View\\View->render()
#11 E:\\kuliah syahwa\\Semester 4\\Pemogramman Web\\laravel\\belajar-1\\vendor\\laravel\\framework\\src\\Illuminate\\Http\\Response.php(35): Illuminate\\Http\\Response->setContent(Object(Illuminate\\View\\View))
#12 E:\\kuliah syahwa\\Semester 4\\Pemogramman Web\\laravel\\belajar-1\\vendor\\laravel\\framework\\src\\Illuminate\\Routing\\Router.php(906): Illuminate\\Http\\Response->__construct(Object(Illuminate\\View\\View), 200, Array)
#13 E:\\kuliah syahwa\\Semester 4\\Pemogramman Web\\laravel\\belajar-1\\vendor\\laravel\\framework\\src\\Illuminate\\Routing\\Router.php(875): Illuminate\\Routing\\Router::toResponse(Object(Illuminate\\Http\\Request), Object(Illuminate\\View\\View))
#14 E:\\kuliah syahwa\\Semester 4\\Pemogramman Web\\laravel\\belajar-1\\vendor\\laravel\\framework\\src\\Illuminate\\Routing\\Router.php(797): Illuminate\\Routing\\Router->prepareResponse(Object(Illuminate\\Http\\Request), Object(Illuminate\\View\\View))
#15 E:\\kuliah syahwa\\Semester 4\\Pemogramman Web\\laravel\\belajar-1\\vendor\\laravel\\framework\\src\\Illuminate\\Pipeline\\Pipeline.php(141): Illuminate\\Routing\\Router->Illuminate\\Routing\\{closure}(Object(Illuminate\\Http\\Request))
#16 E:\\kuliah syahwa\\Semester 4\\Pemogramman Web\\laravel\\belajar-1\\vendor\\laravel\\framework\\src\\Illuminate\\Routing\\Middleware\\SubstituteBindings.php(50): Illuminate\\Pipeline\\Pipeline->Illuminate\\Pipeline\\{closure}(Object(Illuminate\\Http\\Request))
#17 E:\\kuliah syahwa\\Semester 4\\Pemogramman Web\\laravel\\belajar-1\\vendor\\laravel\\framework\\src\\Illuminate\\Pipeline\\Pipeline.php(180): Illuminate\\Routing\\Middleware\\SubstituteBindings->handle(Object(Illuminate\\Http\\Request), Object(Closure))
#18 E:\\kuliah syahwa\\Semester 4\\Pemogramman Web\\laravel\\belajar-1\\vendor\\laravel\\framework\\src\\Illuminate\\Foundation\\Http\\Middleware\\VerifyCsrfToken.php(78): Illuminate\\Pipeline\\Pipeline->Illuminate\\Pipeline\\{closure}(Object(Illuminate\\Http\\Request))
#19 E:\\kuliah syahwa\\Semester 4\\Pemogramman Web\\laravel\\belajar-1\\vendor\\laravel\\framework\\src\\Illuminate\\Pipeline\\Pipeline.php(180): Illuminate\\Foundation\\Http\\Middleware\\VerifyCsrfToken->handle(Object(Illuminate\\Http\\Request), Object(Closure))
#20 E:\\kuliah syahwa\\Semester 4\\Pemogramman Web\\laravel\\belajar-1\\vendor\\laravel\\framework\\src\\Illuminate\\View\\Middleware\\ShareErrorsFromSession.php(49): Illuminate\\Pipeline\\Pipeline->Illuminate\\Pipeline\\{closure}(Object(Illuminate\\Http\\Request))
#21 E:\\kuliah syahwa\\Semester 4\\Pemogramman Web\\laravel\\belajar-1\\vendor\\laravel\\framework\\src\\Illuminate\\Pipeline\\Pipeline.php(180): Illuminate\\View\\Middleware\\ShareErrorsFromSession->handle(Object(Illuminate\\Http\\Request), Object(Closure))
#22 E:\\kuliah syahwa\\Semester 4\\Pemogramman Web\\laravel\\belajar-1\\vendor\\laravel\\framework\\src\\Illuminate\\Session\\Middleware\\StartSession.php(121): Illuminate\\Pipeline\\Pipeline->Illuminate\\Pipeline\\{closure}(Object(Illuminate\\Http\\Request))
#23 E:\\kuliah syahwa\\Semester 4\\Pemogramman Web\\laravel\\belajar-1\\vendor\\laravel\\framework\\src\\Illuminate\\Session\\Middleware\\StartSession.php(64): Illuminate\\Session\\Middleware\\StartSession->handleStatefulRequest(Object(Illuminate\\Http\\Request), Object(Illuminate\\Session\\Store), Object(Closure))
#24 E:\\kuliah syahwa\\Semester 4\\Pemogramman Web\\laravel\\belajar-1\\vendor\\laravel\\framework\\src\\Illuminate\\Pipeline\\Pipeline.php(180): Illuminate\\Session\\Middleware\\StartSession->handle(Object(Illuminate\\Http\\Request), Object(Closure))
#25 E:\\kuliah syahwa\\Semester 4\\Pemogramman Web\\laravel\\belajar-1\\vendor\\laravel\\framework\\src\\Illuminate\\Cookie\\Middleware\\AddQueuedCookiesToResponse.php(37): Illuminate\\Pipeline\\Pipeline->Illuminate\\Pipeline\\{closure}(Object(Illuminate\\Http\\Request))
#26 E:\\kuliah syahwa\\Semester 4\\Pemogramman Web\\laravel\\belajar-1\\vendor\\laravel\\framework\\src\\Illuminate\\Pipeline\\Pipeline.php(180): Illuminate\\Cookie\\Middleware\\AddQueuedCookiesToResponse->handle(Object(Illuminate\\Http\\Request), Object(Closure))
#27 E:\\kuliah syahwa\\Semester 4\\Pemogramman Web\\laravel\\belajar-1\\vendor\\laravel\\framework\\src\\Illuminate\\Cookie\\Middleware\\EncryptCookies.php(67): Illuminate\\Pipeline\\Pipeline->Illuminate\\Pipeline\\{closure}(Object(Illuminate\\Http\\Request))
#28 E:\\kuliah syahwa\\Semester 4\\Pemogramman Web\\laravel\\belajar-1\\vendor\\laravel\\framework\\src\\Illuminate\\Pipeline\\Pipeline.php(180): Illuminate\\Cookie\\Middleware\\EncryptCookies->handle(Object(Illuminate\\Http\\Request), Object(Closure))
#29 E:\\kuliah syahwa\\Semester 4\\Pemogramman Web\\laravel\\belajar-1\\vendor\\laravel\\framework\\src\\Illuminate\\Pipeline\\Pipeline.php(116): Illuminate\\Pipeline\\Pipeline->Illuminate\\Pipeline\\{closure}(Object(Illuminate\\Http\\Request))
#30 E:\\kuliah syahwa\\Semester 4\\Pemogramman Web\\laravel\\belajar-1\\vendor\\laravel\\framework\\src\\Illuminate\\Routing\\Router.php(797): Illuminate\\Pipeline\\Pipeline->then(Object(Closure))
#31 E:\\kuliah syahwa\\Semester 4\\Pemogramman Web\\laravel\\belajar-1\\vendor\\laravel\\framework\\src\\Illuminate\\Routing\\Router.php(776): Illuminate\\Routing\\Router->runRouteWithinStack(Object(Illuminate\\Routing\\Route), Object(Illuminate\\Http\\Request))
#32 E:\\kuliah syahwa\\Semester 4\\Pemogramman Web\\laravel\\belajar-1\\vendor\\laravel\\framework\\src\\Illuminate\\Routing\\Router.php(740): Illuminate\\Routing\\Router->runRoute(Object(Illuminate\\Http\\Request), Object(Illuminate\\Routing\\Route))
#33 E:\\kuliah syahwa\\Semester 4\\Pemogramman Web\\laravel\\belajar-1\\vendor\\laravel\\framework\\src\\Illuminate\\Routing\\Router.php(729): Illuminate\\Routing\\Router->dispatchToRoute(Object(Illuminate\\Http\\Request))
#34 E:\\kuliah syahwa\\Semester 4\\Pemogramman Web\\laravel\\belajar-1\\vendor\\laravel\\framework\\src\\Illuminate\\Foundation\\Http\\Kernel.php(190): Illuminate\\Routing\\Router->dispatch(Object(Illuminate\\Http\\Request))
#35 E:\\kuliah syahwa\\Semester 4\\Pemogramman Web\\laravel\\belajar-1\\vendor\\laravel\\framework\\src\\Illuminate\\Pipeline\\Pipeline.php(141): Illuminate\\Foundation\\Http\\Kernel->Illuminate\\Foundation\\Http\\{closure}(Object(Illuminate\\Http\\Request))
#36 E:\\kuliah syahwa\\Semester 4\\Pemogramman Web\\laravel\\belajar-1\\vendor\\laravel\\framework\\src\\Illuminate\\Foundation\\Http\\Middleware\\TransformsRequest.php(21): Illuminate\\Pipeline\\Pipeline->Illuminate\\Pipeline\\{closure}(Object(Illuminate\\Http\\Request))
#37 E:\\kuliah syahwa\\Semester 4\\Pemogramman Web\\laravel\\belajar-1\\vendor\\laravel\\framework\\src\\Illuminate\\Foundation\\Http\\Middleware\\ConvertEmptyStringsToNull.php(31): Illuminate\\Foundation\\Http\\Middleware\\TransformsRequest->handle(Object(Illuminate\\Http\\Request), Object(Closure))
#38 E:\\kuliah syahwa\\Semester 4\\Pemogramman Web\\laravel\\belajar-1\\vendor\\laravel\\framework\\src\\Illuminate\\Pipeline\\Pipeline.php(180): Illuminate\\Foundation\\Http\\Middleware\\ConvertEmptyStringsToNull->handle(Object(Illuminate\\Http\\Request), Object(Closure))
#39 E:\\kuliah syahwa\\Semester 4\\Pemogramman Web\\laravel\\belajar-1\\vendor\\laravel\\framework\\src\\Illuminate\\Foundation\\Http\\Middleware\\TransformsRequest.php(21): Illuminate\\Pipeline\\Pipeline->Illuminate\\Pipeline\\{closure}(Object(Illuminate\\Http\\Request))
#40 E:\\kuliah syahwa\\Semester 4\\Pemogramman Web\\laravel\\belajar-1\\vendor\\laravel\\framework\\src\\Illuminate\\Foundation\\Http\\Middleware\\TrimStrings.php(40): Illuminate\\Foundation\\Http\\Middleware\\TransformsRequest->handle(Object(Illuminate\\Http\\Request), Object(Closure))
#41 E:\\kuliah syahwa\\Semester 4\\Pemogramman Web\\laravel\\belajar-1\\vendor\\laravel\\framework\\src\\Illuminate\\Pipeline\\Pipeline.php(180): Illuminate\\Foundation\\Http\\Middleware\\TrimStrings->handle(Object(Illuminate\\Http\\Request), Object(Closure))
#42 E:\\kuliah syahwa\\Semester 4\\Pemogramman Web\\laravel\\belajar-1\\vendor\\laravel\\framework\\src\\Illuminate\\Foundation\\Http\\Middleware\\ValidatePostSize.php(27): Illuminate\\Pipeline\\Pipeline->Illuminate\\Pipeline\\{closure}(Object(Illuminate\\Http\\Request))
#43 E:\\kuliah syahwa\\Semester 4\\Pemogramman Web\\laravel\\belajar-1\\vendor\\laravel\\framework\\src\\Illuminate\\Pipeline\\Pipeline.php(180): Illuminate\\Foundation\\Http\\Middleware\\ValidatePostSize->handle(Object(Illuminate\\Http\\Request), Object(Closure))
#44 E:\\kuliah syahwa\\Semester 4\\Pemogramman Web\\laravel\\belajar-1\\vendor\\laravel\\framework\\src\\Illuminate\\Foundation\\Http\\Middleware\\PreventRequestsDuringMaintenance.php(86): Illuminate\\Pipeline\\Pipeline->Illuminate\\Pipeline\\{closure}(Object(Illuminate\\Http\\Request))
#45 E:\\kuliah syahwa\\Semester 4\\Pemogramman Web\\laravel\\belajar-1\\vendor\\laravel\\framework\\src\\Illuminate\\Pipeline\\Pipeline.php(180): Illuminate\\Foundation\\Http\\Middleware\\PreventRequestsDuringMaintenance->handle(Object(Illuminate\\Http\\Request), Object(Closure))
#46 E:\\kuliah syahwa\\Semester 4\\Pemogramman Web\\laravel\\belajar-1\\vendor\\laravel\\framework\\src\\Illuminate\\Http\\Middleware\\HandleCors.php(49): Illuminate\\Pipeline\\Pipeline->Illuminate\\Pipeline\\{closure}(Object(Illuminate\\Http\\Request))
#47 E:\\kuliah syahwa\\Semester 4\\Pemogramman Web\\laravel\\belajar-1\\vendor\\laravel\\framework\\src\\Illuminate\\Pipeline\\Pipeline.php(180): Illuminate\\Http\\Middleware\\HandleCors->handle(Object(Illuminate\\Http\\Request), Object(Closure))
#48 E:\\kuliah syahwa\\Semester 4\\Pemogramman Web\\laravel\\belajar-1\\vendor\\laravel\\framework\\src\\Illuminate\\Http\\Middleware\\TrustProxies.php(39): Illuminate\\Pipeline\\Pipeline->Illuminate\\Pipeline\\{closure}(Object(Illuminate\\Http\\Request))
#49 E:\\kuliah syahwa\\Semester 4\\Pemogramman Web\\laravel\\belajar-1\\vendor\\laravel\\framework\\src\\Illuminate\\Pipeline\\Pipeline.php(180): Illuminate\\Http\\Middleware\\TrustProxies->handle(Object(Illuminate\\Http\\Request), Object(Closure))
#50 E:\\kuliah syahwa\\Semester 4\\Pemogramman Web\\laravel\\belajar-1\\vendor\\laravel\\framework\\src\\Illuminate\\Pipeline\\Pipeline.php(116): Illuminate\\Pipeline\\Pipeline->Illuminate\\Pipeline\\{closure}(Object(Illuminate\\Http\\Request))
#51 E:\\kuliah syahwa\\Semester 4\\Pemogramman Web\\laravel\\belajar-1\\vendor\\laravel\\framework\\src\\Illuminate\\Foundation\\Http\\Kernel.php(165): Illuminate\\Pipeline\\Pipeline->then(Object(Closure))
#52 E:\\kuliah syahwa\\Semester 4\\Pemogramman Web\\laravel\\belajar-1\\vendor\\laravel\\framework\\src\\Illuminate\\Foundation\\Http\\Kernel.php(134): Illuminate\\Foundation\\Http\\Kernel->sendRequestThroughRouter(Object(Illuminate\\Http\\Request))
#53 E:\\kuliah syahwa\\Semester 4\\Pemogramman Web\\laravel\\belajar-1\\public\\index.php(51): Illuminate\\Foundation\\Http\\Kernel->handle(Object(Illuminate\\Http\\Request))
#54 E:\\kuliah syahwa\\Semester 4\\Pemogramman Web\\laravel\\belajar-1\\vendor\\laravel\\framework\\src\\Illuminate\\Foundation\\resources\\server.php(16): require_once('E:\\\\kuliah syahw...')
#55 {main}

[previous exception] [object] (InvalidArgumentException(code: 0): View [layout.aplikasi] not found. at E:\\kuliah syahwa\\Semester 4\\Pemogramman Web\\laravel\\belajar-1\\vendor\\laravel\\framework\\src\\Illuminate\\View\\FileViewFinder.php:137)
[stacktrace]
#0 E:\\kuliah syahwa\\Semester 4\\Pemogramman Web\\laravel\\belajar-1\\vendor\\laravel\\framework\\src\\Illuminate\\View\\FileViewFinder.php(79): Illuminate\\View\\FileViewFinder->findInPaths('layout.aplikasi', Array)
#1 E:\\kuliah syahwa\\Semester 4\\Pemogramman Web\\laravel\\belajar-1\\vendor\\laravel\\framework\\src\\Illuminate\\View\\Factory.php(137): Illuminate\\View\\FileViewFinder->find('layout.aplikasi')
#2 E:\\kuliah syahwa\\Semester 4\\Pemogramman Web\\laravel\\belajar-1\\storage\\framework\\views\\ecad9f1ae69ae9f4d244e0db70cdbc2309baaeff.php(23): Illuminate\\View\\Factory->make('layout.aplikasi', Array)
#3 E:\\kuliah syahwa\\Semester 4\\Pemogramman Web\\laravel\\belajar-1\\vendor\\laravel\\framework\\src\\Illuminate\\Filesystem\\Filesystem.php(109): require('E:\\\\kuliah syahw...')
#4 E:\\kuliah syahwa\\Semester 4\\Pemogramman Web\\laravel\\belajar-1\\vendor\\laravel\\framework\\src\\Illuminate\\Filesystem\\Filesystem.php(110): Illuminate\\Filesystem\\Filesystem::Illuminate\\Filesystem\\{closure}()
#5 E:\\kuliah syahwa\\Semester 4\\Pemogramman Web\\laravel\\belajar-1\\vendor\\laravel\\framework\\src\\Illuminate\\View\\Engines\\PhpEngine.php(58): Illuminate\\Filesystem\\Filesystem->getRequire('E:\\\\kuliah syahw...', Array)
#6 E:\\kuliah syahwa\\Semester 4\\Pemogramman Web\\laravel\\belajar-1\\vendor\\laravel\\framework\\src\\Illuminate\\View\\Engines\\CompilerEngine.php(70): Illuminate\\View\\Engines\\PhpEngine->evaluatePath('E:\\\\kuliah syahw...', Array)
#7 E:\\kuliah syahwa\\Semester 4\\Pemogramman Web\\laravel\\belajar-1\\vendor\\laravel\\framework\\src\\Illuminate\\View\\View.php(195): Illuminate\\View\\Engines\\CompilerEngine->get('E:\\\\kuliah syahw...', Array)
#8 E:\\kuliah syahwa\\Semester 4\\Pemogramman Web\\laravel\\belajar-1\\vendor\\laravel\\framework\\src\\Illuminate\\View\\View.php(178): Illuminate\\View\\View->getContents()
#9 E:\\kuliah syahwa\\Semester 4\\Pemogramman Web\\laravel\\belajar-1\\vendor\\laravel\\framework\\src\\Illuminate\\View\\View.php(147): Illuminate\\View\\View->renderContents()
#10 E:\\kuliah syahwa\\Semester 4\\Pemogramman Web\\laravel\\belajar-1\\vendor\\laravel\\framework\\src\\Illuminate\\Http\\Response.php(69): Illuminate\\View\\View->render()
#11 E:\\kuliah syahwa\\Semester 4\\Pemogramman Web\\laravel\\belajar-1\\vendor\\laravel\\framework\\src\\Illuminate\\Http\\Response.php(35): Illuminate\\Http\\Response->setContent(Object(Illuminate\\View\\View))
#12 E:\\kuliah syahwa\\Semester 4\\Pemogramman Web\\laravel\\belajar-1\\vendor\\laravel\\framework\\src\\Illuminate\\Routing\\Router.php(906): Illuminate\\Http\\Response->__construct(Object(Illuminate\\View\\View), 200, Array)
#13 E:\\kuliah syahwa\\Semester 4\\Pemogramman Web\\laravel\\belajar-1\\vendor\\laravel\\framework\\src\\Illuminate\\Routing\\Router.php(875): Illuminate\\Routing\\Router::toResponse(Object(Illuminate\\Http\\Request), Object(Illuminate\\View\\View))
#14 E:\\kuliah syahwa\\Semester 4\\Pemogramman Web\\laravel\\belajar-1\\vendor\\laravel\\framework\\src\\Illuminate\\Routing\\Router.php(797): Illuminate\\Routing\\Router->prepareResponse(Object(Illuminate\\Http\\Request), Object(Illuminate\\View\\View))
#15 E:\\kuliah syahwa\\Semester 4\\Pemogramman Web\\laravel\\belajar-1\\vendor\\laravel\\framework\\src\\Illuminate\\Pipeline\\Pipeline.php(141): Illuminate\\Routing\\Router->Illuminate\\Routing\\{closure}(Object(Illuminate\\Http\\Request))
#16 E:\\kuliah syahwa\\Semester 4\\Pemogramman Web\\laravel\\belajar-1\\vendor\\laravel\\framework\\src\\Illuminate\\Routing\\Middleware\\SubstituteBindings.php(50): Illuminate\\Pipeline\\Pipeline->Illuminate\\Pipeline\\{closure}(Object(Illuminate\\Http\\Request))
#17 E:\\kuliah syahwa\\Semester 4\\Pemogramman Web\\laravel\\belajar-1\\vendor\\laravel\\framework\\src\\Illuminate\\Pipeline\\Pipeline.php(180): Illuminate\\Routing\\Middleware\\SubstituteBindings->handle(Object(Illuminate\\Http\\Request), Object(Closure))
#18 E:\\kuliah syahwa\\Semester 4\\Pemogramman Web\\laravel\\belajar-1\\vendor\\laravel\\framework\\src\\Illuminate\\Foundation\\Http\\Middleware\\VerifyCsrfToken.php(78): Illuminate\\Pipeline\\Pipeline->Illuminate\\Pipeline\\{closure}(Object(Illuminate\\Http\\Request))
#19 E:\\kuliah syahwa\\Semester 4\\Pemogramman Web\\laravel\\belajar-1\\vendor\\laravel\\framework\\src\\Illuminate\\Pipeline\\Pipeline.php(180): Illuminate\\Foundation\\Http\\Middleware\\VerifyCsrfToken->handle(Object(Illuminate\\Http\\Request), Object(Closure))
#20 E:\\kuliah syahwa\\Semester 4\\Pemogramman Web\\laravel\\belajar-1\\vendor\\laravel\\framework\\src\\Illuminate\\View\\Middleware\\ShareErrorsFromSession.php(49): Illuminate\\Pipeline\\Pipeline->Illuminate\\Pipeline\\{closure}(Object(Illuminate\\Http\\Request))
#21 E:\\kuliah syahwa\\Semester 4\\Pemogramman Web\\laravel\\belajar-1\\vendor\\laravel\\framework\\src\\Illuminate\\Pipeline\\Pipeline.php(180): Illuminate\\View\\Middleware\\ShareErrorsFromSession->handle(Object(Illuminate\\Http\\Request), Object(Closure))
#22 E:\\kuliah syahwa\\Semester 4\\Pemogramman Web\\laravel\\belajar-1\\vendor\\laravel\\framework\\src\\Illuminate\\Session\\Middleware\\StartSession.php(121): Illuminate\\Pipeline\\Pipeline->Illuminate\\Pipeline\\{closure}(Object(Illuminate\\Http\\Request))
#23 E:\\kuliah syahwa\\Semester 4\\Pemogramman Web\\laravel\\belajar-1\\vendor\\laravel\\framework\\src\\Illuminate\\Session\\Middleware\\StartSession.php(64): Illuminate\\Session\\Middleware\\StartSession->handleStatefulRequest(Object(Illuminate\\Http\\Request), Object(Illuminate\\Session\\Store), Object(Closure))
#24 E:\\kuliah syahwa\\Semester 4\\Pemogramman Web\\laravel\\belajar-1\\vendor\\laravel\\framework\\src\\Illuminate\\Pipeline\\Pipeline.php(180): Illuminate\\Session\\Middleware\\StartSession->handle(Object(Illuminate\\Http\\Request), Object(Closure))
#25 E:\\kuliah syahwa\\Semester 4\\Pemogramman Web\\laravel\\belajar-1\\vendor\\laravel\\framework\\src\\Illuminate\\Cookie\\Middleware\\AddQueuedCookiesToResponse.php(37): Illuminate\\Pipeline\\Pipeline->Illuminate\\Pipeline\\{closure}(Object(Illuminate\\Http\\Request))
#26 E:\\kuliah syahwa\\Semester 4\\Pemogramman Web\\laravel\\belajar-1\\vendor\\laravel\\framework\\src\\Illuminate\\Pipeline\\Pipeline.php(180): Illuminate\\Cookie\\Middleware\\AddQueuedCookiesToResponse->handle(Object(Illuminate\\Http\\Request), Object(Closure))
#27 E:\\kuliah syahwa\\Semester 4\\Pemogramman Web\\laravel\\belajar-1\\vendor\\laravel\\framework\\src\\Illuminate\\Cookie\\Middleware\\EncryptCookies.php(67): Illuminate\\Pipeline\\Pipeline->Illuminate\\Pipeline\\{closure}(Object(Illuminate\\Http\\Request))
#28 E:\\kuliah syahwa\\Semester 4\\Pemogramman Web\\laravel\\belajar-1\\vendor\\laravel\\framework\\src\\Illuminate\\Pipeline\\Pipeline.php(180): Illuminate\\Cookie\\Middleware\\EncryptCookies->handle(Object(Illuminate\\Http\\Request), Object(Closure))
#29 E:\\kuliah syahwa\\Semester 4\\Pemogramman Web\\laravel\\belajar-1\\vendor\\laravel\\framework\\src\\Illuminate\\Pipeline\\Pipeline.php(116): Illuminate\\Pipeline\\Pipeline->Illuminate\\Pipeline\\{closure}(Object(Illuminate\\Http\\Request))
#30 E:\\kuliah syahwa\\Semester 4\\Pemogramman Web\\laravel\\belajar-1\\vendor\\laravel\\framework\\src\\Illuminate\\Routing\\Router.php(797): Illuminate\\Pipeline\\Pipeline->then(Object(Closure))
#31 E:\\kuliah syahwa\\Semester 4\\Pemogramman Web\\laravel\\belajar-1\\vendor\\laravel\\framework\\src\\Illuminate\\Routing\\Router.php(776): Illuminate\\Routing\\Router->runRouteWithinStack(Object(Illuminate\\Routing\\Route), Object(Illuminate\\Http\\Request))
#32 E:\\kuliah syahwa\\Semester 4\\Pemogramman Web\\laravel\\belajar-1\\vendor\\laravel\\framework\\src\\Illuminate\\Routing\\Router.php(740): Illuminate\\Routing\\Router->runRoute(Object(Illuminate\\Http\\Request), Object(Illuminate\\Routing\\Route))
#33 E:\\kuliah syahwa\\Semester 4\\Pemogramman Web\\laravel\\belajar-1\\vendor\\laravel\\framework\\src\\Illuminate\\Routing\\Router.php(729): Illuminate\\Routing\\Router->dispatchToRoute(Object(Illuminate\\Http\\Request))
#34 E:\\kuliah syahwa\\Semester 4\\Pemogramman Web\\laravel\\belajar-1\\vendor\\laravel\\framework\\src\\Illuminate\\Foundation\\Http\\Kernel.php(190): Illuminate\\Routing\\Router->dispatch(Object(Illuminate\\Http\\Request))
#35 E:\\kuliah syahwa\\Semester 4\\Pemogramman Web\\laravel\\belajar-1\\vendor\\laravel\\framework\\src\\Illuminate\\Pipeline\\Pipeline.php(141): Illuminate\\Foundation\\Http\\Kernel->Illuminate\\Foundation\\Http\\{closure}(Object(Illuminate\\Http\\Request))
#36 E:\\kuliah syahwa\\Semester 4\\Pemogramman Web\\laravel\\belajar-1\\vendor\\laravel\\framework\\src\\Illuminate\\Foundation\\Http\\Middleware\\TransformsRequest.php(21): Illuminate\\Pipeline\\Pipeline->Illuminate\\Pipeline\\{closure}(Object(Illuminate\\Http\\Request))
#37 E:\\kuliah syahwa\\Semester 4\\Pemogramman Web\\laravel\\belajar-1\\vendor\\laravel\\framework\\src\\Illuminate\\Foundation\\Http\\Middleware\\ConvertEmptyStringsToNull.php(31): Illuminate\\Foundation\\Http\\Middleware\\TransformsRequest->handle(Object(Illuminate\\Http\\Request), Object(Closure))
#38 E:\\kuliah syahwa\\Semester 4\\Pemogramman Web\\laravel\\belajar-1\\vendor\\laravel\\framework\\src\\Illuminate\\Pipeline\\Pipeline.php(180): Illuminate\\Foundation\\Http\\Middleware\\ConvertEmptyStringsToNull->handle(Object(Illuminate\\Http\\Request), Object(Closure))
#39 E:\\kuliah syahwa\\Semester 4\\Pemogramman Web\\laravel\\belajar-1\\vendor\\laravel\\framework\\src\\Illuminate\\Foundation\\Http\\Middleware\\TransformsRequest.php(21): Illuminate\\Pipeline\\Pipeline->Illuminate\\Pipeline\\{closure}(Object(Illuminate\\Http\\Request))
#40 E:\\kuliah syahwa\\Semester 4\\Pemogramman Web\\laravel\\belajar-1\\vendor\\laravel\\framework\\src\\Illuminate\\Foundation\\Http\\Middleware\\TrimStrings.php(40): Illuminate\\Foundation\\Http\\Middleware\\TransformsRequest->handle(Object(Illuminate\\Http\\Request), Object(Closure))
#41 E:\\kuliah syahwa\\Semester 4\\Pemogramman Web\\laravel\\belajar-1\\vendor\\laravel\\framework\\src\\Illuminate\\Pipeline\\Pipeline.php(180): Illuminate\\Foundation\\Http\\Middleware\\TrimStrings->handle(Object(Illuminate\\Http\\Request), Object(Closure))
#42 E:\\kuliah syahwa\\Semester 4\\Pemogramman Web\\laravel\\belajar-1\\vendor\\laravel\\framework\\src\\Illuminate\\Foundation\\Http\\Middleware\\ValidatePostSize.php(27): Illuminate\\Pipeline\\Pipeline->Illuminate\\Pipeline\\{closure}(Object(Illuminate\\Http\\Request))
#43 E:\\kuliah syahwa\\Semester 4\\Pemogramman Web\\laravel\\belajar-1\\vendor\\laravel\\framework\\src\\Illuminate\\Pipeline\\Pipeline.php(180): Illuminate\\Foundation\\Http\\Middleware\\ValidatePostSize->handle(Object(Illuminate\\Http\\Request), Object(Closure))
#44 E:\\kuliah syahwa\\Semester 4\\Pemogramman Web\\laravel\\belajar-1\\vendor\\laravel\\framework\\src\\Illuminate\\Foundation\\Http\\Middleware\\PreventRequestsDuringMaintenance.php(86): Illuminate\\Pipeline\\Pipeline->Illuminate\\Pipeline\\{closure}(Object(Illuminate\\Http\\Request))
#45 E:\\kuliah syahwa\\Semester 4\\Pemogramman Web\\laravel\\belajar-1\\vendor\\laravel\\framework\\src\\Illuminate\\Pipeline\\Pipeline.php(180): Illuminate\\Foundation\\Http\\Middleware\\PreventRequestsDuringMaintenance->handle(Object(Illuminate\\Http\\Request), Object(Closure))
#46 E:\\kuliah syahwa\\Semester 4\\Pemogramman Web\\laravel\\belajar-1\\vendor\\laravel\\framework\\src\\Illuminate\\Http\\Middleware\\HandleCors.php(49): Illuminate\\Pipeline\\Pipeline->Illuminate\\Pipeline\\{closure}(Object(Illuminate\\Http\\Request))
#47 E:\\kuliah syahwa\\Semester 4\\Pemogramman Web\\laravel\\belajar-1\\vendor\\laravel\\framework\\src\\Illuminate\\Pipeline\\Pipeline.php(180): Illuminate\\Http\\Middleware\\HandleCors->handle(Object(Illuminate\\Http\\Request), Object(Closure))
#48 E:\\kuliah syahwa\\Semester 4\\Pemogramman Web\\laravel\\belajar-1\\vendor\\laravel\\framework\\src\\Illuminate\\Http\\Middleware\\TrustProxies.php(39): Illuminate\\Pipeline\\Pipeline->Illuminate\\Pipeline\\{closure}(Object(Illuminate\\Http\\Request))
#49 E:\\kuliah syahwa\\Semester 4\\Pemogramman Web\\laravel\\belajar-1\\vendor\\laravel\\framework\\src\\Illuminate\\Pipeline\\Pipeline.php(180): Illuminate\\Http\\Middleware\\TrustProxies->handle(Object(Illuminate\\Http\\Request), Object(Closure))
#50 E:\\kuliah syahwa\\Semester 4\\Pemogramman Web\\laravel\\belajar-1\\vendor\\laravel\\framework\\src\\Illuminate\\Pipeline\\Pipeline.php(116): Illuminate\\Pipeline\\Pipeline->Illuminate\\Pipeline\\{closure}(Object(Illuminate\\Http\\Request))
#51 E:\\kuliah syahwa\\Semester 4\\Pemogramman Web\\laravel\\belajar-1\\vendor\\laravel\\framework\\src\\Illuminate\\Foundation\\Http\\Kernel.php(165): Illuminate\\Pipeline\\Pipeline->then(Object(Closure))
#52 E:\\kuliah syahwa\\Semester 4\\Pemogramman Web\\laravel\\belajar-1\\vendor\\laravel\\framework\\src\\Illuminate\\Foundation\\Http\\Kernel.php(134): Illuminate\\Foundation\\Http\\Kernel->sendRequestThroughRouter(Object(Illuminate\\Http\\Request))
#53 E:\\kuliah syahwa\\Semester 4\\Pemogramman Web\\laravel\\belajar-1\\public\\index.php(51): Illuminate\\Foundation\\Http\\Kernel->handle(Object(Illuminate\\Http\\Request))
#54 E:\\kuliah syahwa\\Semester 4\\Pemogramman Web\\laravel\\belajar-1\\vendor\\laravel\\framework\\src\\Illuminate\\Foundation\\resources\\server.php(16): require_once('E:\\\\kuliah syahw...')
#55 {main}
"} 
[2025-04-28 12:27:44] local.ERROR: View [layout.aplikasi] not found. {"view":{"view":"E:\\kuliah syahwa\\Semester 4\\Pemogramman Web\\laravel\\belajar-1\\resources\\views\\sesi\\index.blade.php","data":{"errors":"<pre class=sf-dump id=sf-dump-560332322 data-indent-pad=\"  \"><span class=sf-dump-note>Illuminate\\Support\\ViewErrorBag</span> {<a class=sf-dump-ref>#272</a><samp data-depth=1 class=sf-dump-expanded>
  #<span class=sf-dump-protected title=\"Protected property\">bags</span>: []
</samp>}
</pre><script>Sfdump(\"sf-dump-560332322\", {\"maxDepth\":3,\"maxStringLength\":160})</script>
"}},"exception":"[object] (Spatie\\LaravelIgnition\\Exceptions\\ViewException(code: 0): View [layout.aplikasi] not found. at E:\\kuliah syahwa\\Semester 4\\Pemogramman Web\\laravel\\belajar-1\\vendor\\laravel\\framework\\src\\Illuminate\\View\\FileViewFinder.php:137)
[stacktrace]
#0 E:\\kuliah syahwa\\Semester 4\\Pemogramman Web\\laravel\\belajar-1\\vendor\\laravel\\framework\\src\\Illuminate\\View\\FileViewFinder.php(79): Illuminate\\View\\FileViewFinder->findInPaths('layout.aplikasi', Array)
#1 E:\\kuliah syahwa\\Semester 4\\Pemogramman Web\\laravel\\belajar-1\\vendor\\laravel\\framework\\src\\Illuminate\\View\\Factory.php(137): Illuminate\\View\\FileViewFinder->find('layout.aplikasi')
#2 E:\\kuliah syahwa\\Semester 4\\Pemogramman Web\\laravel\\belajar-1\\resources\\views\\sesi\\index.blade.php(22): Illuminate\\View\\Factory->make('layout.aplikasi', Array)
#3 E:\\kuliah syahwa\\Semester 4\\Pemogramman Web\\laravel\\belajar-1\\vendor\\laravel\\framework\\src\\Illuminate\\Filesystem\\Filesystem.php(109): require('E:\\\\kuliah syahw...')
#4 E:\\kuliah syahwa\\Semester 4\\Pemogramman Web\\laravel\\belajar-1\\vendor\\laravel\\framework\\src\\Illuminate\\Filesystem\\Filesystem.php(110): Illuminate\\Filesystem\\Filesystem::Illuminate\\Filesystem\\{closure}()
#5 E:\\kuliah syahwa\\Semester 4\\Pemogramman Web\\laravel\\belajar-1\\vendor\\laravel\\framework\\src\\Illuminate\\View\\Engines\\PhpEngine.php(58): Illuminate\\Filesystem\\Filesystem->getRequire('E:\\\\kuliah syahw...', Array)
#6 E:\\kuliah syahwa\\Semester 4\\Pemogramman Web\\laravel\\belajar-1\\vendor\\laravel\\framework\\src\\Illuminate\\View\\Engines\\CompilerEngine.php(70): Illuminate\\View\\Engines\\PhpEngine->evaluatePath('E:\\\\kuliah syahw...', Array)
#7 E:\\kuliah syahwa\\Semester 4\\Pemogramman Web\\laravel\\belajar-1\\vendor\\laravel\\framework\\src\\Illuminate\\View\\View.php(195): Illuminate\\View\\Engines\\CompilerEngine->get('E:\\\\kuliah syahw...', Array)
#8 E:\\kuliah syahwa\\Semester 4\\Pemogramman Web\\laravel\\belajar-1\\vendor\\laravel\\framework\\src\\Illuminate\\View\\View.php(178): Illuminate\\View\\View->getContents()
#9 E:\\kuliah syahwa\\Semester 4\\Pemogramman Web\\laravel\\belajar-1\\vendor\\laravel\\framework\\src\\Illuminate\\View\\View.php(147): Illuminate\\View\\View->renderContents()
#10 E:\\kuliah syahwa\\Semester 4\\Pemogramman Web\\laravel\\belajar-1\\vendor\\laravel\\framework\\src\\Illuminate\\Http\\Response.php(69): Illuminate\\View\\View->render()
#11 E:\\kuliah syahwa\\Semester 4\\Pemogramman Web\\laravel\\belajar-1\\vendor\\laravel\\framework\\src\\Illuminate\\Http\\Response.php(35): Illuminate\\Http\\Response->setContent(Object(Illuminate\\View\\View))
#12 E:\\kuliah syahwa\\Semester 4\\Pemogramman Web\\laravel\\belajar-1\\vendor\\laravel\\framework\\src\\Illuminate\\Routing\\Router.php(906): Illuminate\\Http\\Response->__construct(Object(Illuminate\\View\\View), 200, Array)
#13 E:\\kuliah syahwa\\Semester 4\\Pemogramman Web\\laravel\\belajar-1\\vendor\\laravel\\framework\\src\\Illuminate\\Routing\\Router.php(875): Illuminate\\Routing\\Router::toResponse(Object(Illuminate\\Http\\Request), Object(Illuminate\\View\\View))
#14 E:\\kuliah syahwa\\Semester 4\\Pemogramman Web\\laravel\\belajar-1\\vendor\\laravel\\framework\\src\\Illuminate\\Routing\\Router.php(797): Illuminate\\Routing\\Router->prepareResponse(Object(Illuminate\\Http\\Request), Object(Illuminate\\View\\View))
#15 E:\\kuliah syahwa\\Semester 4\\Pemogramman Web\\laravel\\belajar-1\\vendor\\laravel\\framework\\src\\Illuminate\\Pipeline\\Pipeline.php(141): Illuminate\\Routing\\Router->Illuminate\\Routing\\{closure}(Object(Illuminate\\Http\\Request))
#16 E:\\kuliah syahwa\\Semester 4\\Pemogramman Web\\laravel\\belajar-1\\vendor\\laravel\\framework\\src\\Illuminate\\Routing\\Middleware\\SubstituteBindings.php(50): Illuminate\\Pipeline\\Pipeline->Illuminate\\Pipeline\\{closure}(Object(Illuminate\\Http\\Request))
#17 E:\\kuliah syahwa\\Semester 4\\Pemogramman Web\\laravel\\belajar-1\\vendor\\laravel\\framework\\src\\Illuminate\\Pipeline\\Pipeline.php(180): Illuminate\\Routing\\Middleware\\SubstituteBindings->handle(Object(Illuminate\\Http\\Request), Object(Closure))
#18 E:\\kuliah syahwa\\Semester 4\\Pemogramman Web\\laravel\\belajar-1\\vendor\\laravel\\framework\\src\\Illuminate\\Foundation\\Http\\Middleware\\VerifyCsrfToken.php(78): Illuminate\\Pipeline\\Pipeline->Illuminate\\Pipeline\\{closure}(Object(Illuminate\\Http\\Request))
#19 E:\\kuliah syahwa\\Semester 4\\Pemogramman Web\\laravel\\belajar-1\\vendor\\laravel\\framework\\src\\Illuminate\\Pipeline\\Pipeline.php(180): Illuminate\\Foundation\\Http\\Middleware\\VerifyCsrfToken->handle(Object(Illuminate\\Http\\Request), Object(Closure))
#20 E:\\kuliah syahwa\\Semester 4\\Pemogramman Web\\laravel\\belajar-1\\vendor\\laravel\\framework\\src\\Illuminate\\View\\Middleware\\ShareErrorsFromSession.php(49): Illuminate\\Pipeline\\Pipeline->Illuminate\\Pipeline\\{closure}(Object(Illuminate\\Http\\Request))
#21 E:\\kuliah syahwa\\Semester 4\\Pemogramman Web\\laravel\\belajar-1\\vendor\\laravel\\framework\\src\\Illuminate\\Pipeline\\Pipeline.php(180): Illuminate\\View\\Middleware\\ShareErrorsFromSession->handle(Object(Illuminate\\Http\\Request), Object(Closure))
#22 E:\\kuliah syahwa\\Semester 4\\Pemogramman Web\\laravel\\belajar-1\\vendor\\laravel\\framework\\src\\Illuminate\\Session\\Middleware\\StartSession.php(121): Illuminate\\Pipeline\\Pipeline->Illuminate\\Pipeline\\{closure}(Object(Illuminate\\Http\\Request))
#23 E:\\kuliah syahwa\\Semester 4\\Pemogramman Web\\laravel\\belajar-1\\vendor\\laravel\\framework\\src\\Illuminate\\Session\\Middleware\\StartSession.php(64): Illuminate\\Session\\Middleware\\StartSession->handleStatefulRequest(Object(Illuminate\\Http\\Request), Object(Illuminate\\Session\\Store), Object(Closure))
#24 E:\\kuliah syahwa\\Semester 4\\Pemogramman Web\\laravel\\belajar-1\\vendor\\laravel\\framework\\src\\Illuminate\\Pipeline\\Pipeline.php(180): Illuminate\\Session\\Middleware\\StartSession->handle(Object(Illuminate\\Http\\Request), Object(Closure))
#25 E:\\kuliah syahwa\\Semester 4\\Pemogramman Web\\laravel\\belajar-1\\vendor\\laravel\\framework\\src\\Illuminate\\Cookie\\Middleware\\AddQueuedCookiesToResponse.php(37): Illuminate\\Pipeline\\Pipeline->Illuminate\\Pipeline\\{closure}(Object(Illuminate\\Http\\Request))
#26 E:\\kuliah syahwa\\Semester 4\\Pemogramman Web\\laravel\\belajar-1\\vendor\\laravel\\framework\\src\\Illuminate\\Pipeline\\Pipeline.php(180): Illuminate\\Cookie\\Middleware\\AddQueuedCookiesToResponse->handle(Object(Illuminate\\Http\\Request), Object(Closure))
#27 E:\\kuliah syahwa\\Semester 4\\Pemogramman Web\\laravel\\belajar-1\\vendor\\laravel\\framework\\src\\Illuminate\\Cookie\\Middleware\\EncryptCookies.php(67): Illuminate\\Pipeline\\Pipeline->Illuminate\\Pipeline\\{closure}(Object(Illuminate\\Http\\Request))
#28 E:\\kuliah syahwa\\Semester 4\\Pemogramman Web\\laravel\\belajar-1\\vendor\\laravel\\framework\\src\\Illuminate\\Pipeline\\Pipeline.php(180): Illuminate\\Cookie\\Middleware\\EncryptCookies->handle(Object(Illuminate\\Http\\Request), Object(Closure))
#29 E:\\kuliah syahwa\\Semester 4\\Pemogramman Web\\laravel\\belajar-1\\vendor\\laravel\\framework\\src\\Illuminate\\Pipeline\\Pipeline.php(116): Illuminate\\Pipeline\\Pipeline->Illuminate\\Pipeline\\{closure}(Object(Illuminate\\Http\\Request))
#30 E:\\kuliah syahwa\\Semester 4\\Pemogramman Web\\laravel\\belajar-1\\vendor\\laravel\\framework\\src\\Illuminate\\Routing\\Router.php(797): Illuminate\\Pipeline\\Pipeline->then(Object(Closure))
#31 E:\\kuliah syahwa\\Semester 4\\Pemogramman Web\\laravel\\belajar-1\\vendor\\laravel\\framework\\src\\Illuminate\\Routing\\Router.php(776): Illuminate\\Routing\\Router->runRouteWithinStack(Object(Illuminate\\Routing\\Route), Object(Illuminate\\Http\\Request))
#32 E:\\kuliah syahwa\\Semester 4\\Pemogramman Web\\laravel\\belajar-1\\vendor\\laravel\\framework\\src\\Illuminate\\Routing\\Router.php(740): Illuminate\\Routing\\Router->runRoute(Object(Illuminate\\Http\\Request), Object(Illuminate\\Routing\\Route))
#33 E:\\kuliah syahwa\\Semester 4\\Pemogramman Web\\laravel\\belajar-1\\vendor\\laravel\\framework\\src\\Illuminate\\Routing\\Router.php(729): Illuminate\\Routing\\Router->dispatchToRoute(Object(Illuminate\\Http\\Request))
#34 E:\\kuliah syahwa\\Semester 4\\Pemogramman Web\\laravel\\belajar-1\\vendor\\laravel\\framework\\src\\Illuminate\\Foundation\\Http\\Kernel.php(190): Illuminate\\Routing\\Router->dispatch(Object(Illuminate\\Http\\Request))
#35 E:\\kuliah syahwa\\Semester 4\\Pemogramman Web\\laravel\\belajar-1\\vendor\\laravel\\framework\\src\\Illuminate\\Pipeline\\Pipeline.php(141): Illuminate\\Foundation\\Http\\Kernel->Illuminate\\Foundation\\Http\\{closure}(Object(Illuminate\\Http\\Request))
#36 E:\\kuliah syahwa\\Semester 4\\Pemogramman Web\\laravel\\belajar-1\\vendor\\laravel\\framework\\src\\Illuminate\\Foundation\\Http\\Middleware\\TransformsRequest.php(21): Illuminate\\Pipeline\\Pipeline->Illuminate\\Pipeline\\{closure}(Object(Illuminate\\Http\\Request))
#37 E:\\kuliah syahwa\\Semester 4\\Pemogramman Web\\laravel\\belajar-1\\vendor\\laravel\\framework\\src\\Illuminate\\Foundation\\Http\\Middleware\\ConvertEmptyStringsToNull.php(31): Illuminate\\Foundation\\Http\\Middleware\\TransformsRequest->handle(Object(Illuminate\\Http\\Request), Object(Closure))
#38 E:\\kuliah syahwa\\Semester 4\\Pemogramman Web\\laravel\\belajar-1\\vendor\\laravel\\framework\\src\\Illuminate\\Pipeline\\Pipeline.php(180): Illuminate\\Foundation\\Http\\Middleware\\ConvertEmptyStringsToNull->handle(Object(Illuminate\\Http\\Request), Object(Closure))
#39 E:\\kuliah syahwa\\Semester 4\\Pemogramman Web\\laravel\\belajar-1\\vendor\\laravel\\framework\\src\\Illuminate\\Foundation\\Http\\Middleware\\TransformsRequest.php(21): Illuminate\\Pipeline\\Pipeline->Illuminate\\Pipeline\\{closure}(Object(Illuminate\\Http\\Request))
#40 E:\\kuliah syahwa\\Semester 4\\Pemogramman Web\\laravel\\belajar-1\\vendor\\laravel\\framework\\src\\Illuminate\\Foundation\\Http\\Middleware\\TrimStrings.php(40): Illuminate\\Foundation\\Http\\Middleware\\TransformsRequest->handle(Object(Illuminate\\Http\\Request), Object(Closure))
#41 E:\\kuliah syahwa\\Semester 4\\Pemogramman Web\\laravel\\belajar-1\\vendor\\laravel\\framework\\src\\Illuminate\\Pipeline\\Pipeline.php(180): Illuminate\\Foundation\\Http\\Middleware\\TrimStrings->handle(Object(Illuminate\\Http\\Request), Object(Closure))
#42 E:\\kuliah syahwa\\Semester 4\\Pemogramman Web\\laravel\\belajar-1\\vendor\\laravel\\framework\\src\\Illuminate\\Foundation\\Http\\Middleware\\ValidatePostSize.php(27): Illuminate\\Pipeline\\Pipeline->Illuminate\\Pipeline\\{closure}(Object(Illuminate\\Http\\Request))
#43 E:\\kuliah syahwa\\Semester 4\\Pemogramman Web\\laravel\\belajar-1\\vendor\\laravel\\framework\\src\\Illuminate\\Pipeline\\Pipeline.php(180): Illuminate\\Foundation\\Http\\Middleware\\ValidatePostSize->handle(Object(Illuminate\\Http\\Request), Object(Closure))
#44 E:\\kuliah syahwa\\Semester 4\\Pemogramman Web\\laravel\\belajar-1\\vendor\\laravel\\framework\\src\\Illuminate\\Foundation\\Http\\Middleware\\PreventRequestsDuringMaintenance.php(86): Illuminate\\Pipeline\\Pipeline->Illuminate\\Pipeline\\{closure}(Object(Illuminate\\Http\\Request))
#45 E:\\kuliah syahwa\\Semester 4\\Pemogramman Web\\laravel\\belajar-1\\vendor\\laravel\\framework\\src\\Illuminate\\Pipeline\\Pipeline.php(180): Illuminate\\Foundation\\Http\\Middleware\\PreventRequestsDuringMaintenance->handle(Object(Illuminate\\Http\\Request), Object(Closure))
#46 E:\\kuliah syahwa\\Semester 4\\Pemogramman Web\\laravel\\belajar-1\\vendor\\laravel\\framework\\src\\Illuminate\\Http\\Middleware\\HandleCors.php(49): Illuminate\\Pipeline\\Pipeline->Illuminate\\Pipeline\\{closure}(Object(Illuminate\\Http\\Request))
#47 E:\\kuliah syahwa\\Semester 4\\Pemogramman Web\\laravel\\belajar-1\\vendor\\laravel\\framework\\src\\Illuminate\\Pipeline\\Pipeline.php(180): Illuminate\\Http\\Middleware\\HandleCors->handle(Object(Illuminate\\Http\\Request), Object(Closure))
#48 E:\\kuliah syahwa\\Semester 4\\Pemogramman Web\\laravel\\belajar-1\\vendor\\laravel\\framework\\src\\Illuminate\\Http\\Middleware\\TrustProxies.php(39): Illuminate\\Pipeline\\Pipeline->Illuminate\\Pipeline\\{closure}(Object(Illuminate\\Http\\Request))
#49 E:\\kuliah syahwa\\Semester 4\\Pemogramman Web\\laravel\\belajar-1\\vendor\\laravel\\framework\\src\\Illuminate\\Pipeline\\Pipeline.php(180): Illuminate\\Http\\Middleware\\TrustProxies->handle(Object(Illuminate\\Http\\Request), Object(Closure))
#50 E:\\kuliah syahwa\\Semester 4\\Pemogramman Web\\laravel\\belajar-1\\vendor\\laravel\\framework\\src\\Illuminate\\Pipeline\\Pipeline.php(116): Illuminate\\Pipeline\\Pipeline->Illuminate\\Pipeline\\{closure}(Object(Illuminate\\Http\\Request))
#51 E:\\kuliah syahwa\\Semester 4\\Pemogramman Web\\laravel\\belajar-1\\vendor\\laravel\\framework\\src\\Illuminate\\Foundation\\Http\\Kernel.php(165): Illuminate\\Pipeline\\Pipeline->then(Object(Closure))
#52 E:\\kuliah syahwa\\Semester 4\\Pemogramman Web\\laravel\\belajar-1\\vendor\\laravel\\framework\\src\\Illuminate\\Foundation\\Http\\Kernel.php(134): Illuminate\\Foundation\\Http\\Kernel->sendRequestThroughRouter(Object(Illuminate\\Http\\Request))
#53 E:\\kuliah syahwa\\Semester 4\\Pemogramman Web\\laravel\\belajar-1\\public\\index.php(51): Illuminate\\Foundation\\Http\\Kernel->handle(Object(Illuminate\\Http\\Request))
#54 E:\\kuliah syahwa\\Semester 4\\Pemogramman Web\\laravel\\belajar-1\\vendor\\laravel\\framework\\src\\Illuminate\\Foundation\\resources\\server.php(16): require_once('E:\\\\kuliah syahw...')
#55 {main}

[previous exception] [object] (InvalidArgumentException(code: 0): View [layout.aplikasi] not found. at E:\\kuliah syahwa\\Semester 4\\Pemogramman Web\\laravel\\belajar-1\\vendor\\laravel\\framework\\src\\Illuminate\\View\\FileViewFinder.php:137)
[stacktrace]
#0 E:\\kuliah syahwa\\Semester 4\\Pemogramman Web\\laravel\\belajar-1\\vendor\\laravel\\framework\\src\\Illuminate\\View\\FileViewFinder.php(79): Illuminate\\View\\FileViewFinder->findInPaths('layout.aplikasi', Array)
#1 E:\\kuliah syahwa\\Semester 4\\Pemogramman Web\\laravel\\belajar-1\\vendor\\laravel\\framework\\src\\Illuminate\\View\\Factory.php(137): Illuminate\\View\\FileViewFinder->find('layout.aplikasi')
#2 E:\\kuliah syahwa\\Semester 4\\Pemogramman Web\\laravel\\belajar-1\\storage\\framework\\views\\ecad9f1ae69ae9f4d244e0db70cdbc2309baaeff.php(23): Illuminate\\View\\Factory->make('layout.aplikasi', Array)
#3 E:\\kuliah syahwa\\Semester 4\\Pemogramman Web\\laravel\\belajar-1\\vendor\\laravel\\framework\\src\\Illuminate\\Filesystem\\Filesystem.php(109): require('E:\\\\kuliah syahw...')
#4 E:\\kuliah syahwa\\Semester 4\\Pemogramman Web\\laravel\\belajar-1\\vendor\\laravel\\framework\\src\\Illuminate\\Filesystem\\Filesystem.php(110): Illuminate\\Filesystem\\Filesystem::Illuminate\\Filesystem\\{closure}()
#5 E:\\kuliah syahwa\\Semester 4\\Pemogramman Web\\laravel\\belajar-1\\vendor\\laravel\\framework\\src\\Illuminate\\View\\Engines\\PhpEngine.php(58): Illuminate\\Filesystem\\Filesystem->getRequire('E:\\\\kuliah syahw...', Array)
#6 E:\\kuliah syahwa\\Semester 4\\Pemogramman Web\\laravel\\belajar-1\\vendor\\laravel\\framework\\src\\Illuminate\\View\\Engines\\CompilerEngine.php(70): Illuminate\\View\\Engines\\PhpEngine->evaluatePath('E:\\\\kuliah syahw...', Array)
#7 E:\\kuliah syahwa\\Semester 4\\Pemogramman Web\\laravel\\belajar-1\\vendor\\laravel\\framework\\src\\Illuminate\\View\\View.php(195): Illuminate\\View\\Engines\\CompilerEngine->get('E:\\\\kuliah syahw...', Array)
#8 E:\\kuliah syahwa\\Semester 4\\Pemogramman Web\\laravel\\belajar-1\\vendor\\laravel\\framework\\src\\Illuminate\\View\\View.php(178): Illuminate\\View\\View->getContents()
#9 E:\\kuliah syahwa\\Semester 4\\Pemogramman Web\\laravel\\belajar-1\\vendor\\laravel\\framework\\src\\Illuminate\\View\\View.php(147): Illuminate\\View\\View->renderContents()
#10 E:\\kuliah syahwa\\Semester 4\\Pemogramman Web\\laravel\\belajar-1\\vendor\\laravel\\framework\\src\\Illuminate\\Http\\Response.php(69): Illuminate\\View\\View->render()
#11 E:\\kuliah syahwa\\Semester 4\\Pemogramman Web\\laravel\\belajar-1\\vendor\\laravel\\framework\\src\\Illuminate\\Http\\Response.php(35): Illuminate\\Http\\Response->setContent(Object(Illuminate\\View\\View))
#12 E:\\kuliah syahwa\\Semester 4\\Pemogramman Web\\laravel\\belajar-1\\vendor\\laravel\\framework\\src\\Illuminate\\Routing\\Router.php(906): Illuminate\\Http\\Response->__construct(Object(Illuminate\\View\\View), 200, Array)
#13 E:\\kuliah syahwa\\Semester 4\\Pemogramman Web\\laravel\\belajar-1\\vendor\\laravel\\framework\\src\\Illuminate\\Routing\\Router.php(875): Illuminate\\Routing\\Router::toResponse(Object(Illuminate\\Http\\Request), Object(Illuminate\\View\\View))
#14 E:\\kuliah syahwa\\Semester 4\\Pemogramman Web\\laravel\\belajar-1\\vendor\\laravel\\framework\\src\\Illuminate\\Routing\\Router.php(797): Illuminate\\Routing\\Router->prepareResponse(Object(Illuminate\\Http\\Request), Object(Illuminate\\View\\View))
#15 E:\\kuliah syahwa\\Semester 4\\Pemogramman Web\\laravel\\belajar-1\\vendor\\laravel\\framework\\src\\Illuminate\\Pipeline\\Pipeline.php(141): Illuminate\\Routing\\Router->Illuminate\\Routing\\{closure}(Object(Illuminate\\Http\\Request))
#16 E:\\kuliah syahwa\\Semester 4\\Pemogramman Web\\laravel\\belajar-1\\vendor\\laravel\\framework\\src\\Illuminate\\Routing\\Middleware\\SubstituteBindings.php(50): Illuminate\\Pipeline\\Pipeline->Illuminate\\Pipeline\\{closure}(Object(Illuminate\\Http\\Request))
#17 E:\\kuliah syahwa\\Semester 4\\Pemogramman Web\\laravel\\belajar-1\\vendor\\laravel\\framework\\src\\Illuminate\\Pipeline\\Pipeline.php(180): Illuminate\\Routing\\Middleware\\SubstituteBindings->handle(Object(Illuminate\\Http\\Request), Object(Closure))
#18 E:\\kuliah syahwa\\Semester 4\\Pemogramman Web\\laravel\\belajar-1\\vendor\\laravel\\framework\\src\\Illuminate\\Foundation\\Http\\Middleware\\VerifyCsrfToken.php(78): Illuminate\\Pipeline\\Pipeline->Illuminate\\Pipeline\\{closure}(Object(Illuminate\\Http\\Request))
#19 E:\\kuliah syahwa\\Semester 4\\Pemogramman Web\\laravel\\belajar-1\\vendor\\laravel\\framework\\src\\Illuminate\\Pipeline\\Pipeline.php(180): Illuminate\\Foundation\\Http\\Middleware\\VerifyCsrfToken->handle(Object(Illuminate\\Http\\Request), Object(Closure))
#20 E:\\kuliah syahwa\\Semester 4\\Pemogramman Web\\laravel\\belajar-1\\vendor\\laravel\\framework\\src\\Illuminate\\View\\Middleware\\ShareErrorsFromSession.php(49): Illuminate\\Pipeline\\Pipeline->Illuminate\\Pipeline\\{closure}(Object(Illuminate\\Http\\Request))
#21 E:\\kuliah syahwa\\Semester 4\\Pemogramman Web\\laravel\\belajar-1\\vendor\\laravel\\framework\\src\\Illuminate\\Pipeline\\Pipeline.php(180): Illuminate\\View\\Middleware\\ShareErrorsFromSession->handle(Object(Illuminate\\Http\\Request), Object(Closure))
#22 E:\\kuliah syahwa\\Semester 4\\Pemogramman Web\\laravel\\belajar-1\\vendor\\laravel\\framework\\src\\Illuminate\\Session\\Middleware\\StartSession.php(121): Illuminate\\Pipeline\\Pipeline->Illuminate\\Pipeline\\{closure}(Object(Illuminate\\Http\\Request))
#23 E:\\kuliah syahwa\\Semester 4\\Pemogramman Web\\laravel\\belajar-1\\vendor\\laravel\\framework\\src\\Illuminate\\Session\\Middleware\\StartSession.php(64): Illuminate\\Session\\Middleware\\StartSession->handleStatefulRequest(Object(Illuminate\\Http\\Request), Object(Illuminate\\Session\\Store), Object(Closure))
#24 E:\\kuliah syahwa\\Semester 4\\Pemogramman Web\\laravel\\belajar-1\\vendor\\laravel\\framework\\src\\Illuminate\\Pipeline\\Pipeline.php(180): Illuminate\\Session\\Middleware\\StartSession->handle(Object(Illuminate\\Http\\Request), Object(Closure))
#25 E:\\kuliah syahwa\\Semester 4\\Pemogramman Web\\laravel\\belajar-1\\vendor\\laravel\\framework\\src\\Illuminate\\Cookie\\Middleware\\AddQueuedCookiesToResponse.php(37): Illuminate\\Pipeline\\Pipeline->Illuminate\\Pipeline\\{closure}(Object(Illuminate\\Http\\Request))
#26 E:\\kuliah syahwa\\Semester 4\\Pemogramman Web\\laravel\\belajar-1\\vendor\\laravel\\framework\\src\\Illuminate\\Pipeline\\Pipeline.php(180): Illuminate\\Cookie\\Middleware\\AddQueuedCookiesToResponse->handle(Object(Illuminate\\Http\\Request), Object(Closure))
#27 E:\\kuliah syahwa\\Semester 4\\Pemogramman Web\\laravel\\belajar-1\\vendor\\laravel\\framework\\src\\Illuminate\\Cookie\\Middleware\\EncryptCookies.php(67): Illuminate\\Pipeline\\Pipeline->Illuminate\\Pipeline\\{closure}(Object(Illuminate\\Http\\Request))
#28 E:\\kuliah syahwa\\Semester 4\\Pemogramman Web\\laravel\\belajar-1\\vendor\\laravel\\framework\\src\\Illuminate\\Pipeline\\Pipeline.php(180): Illuminate\\Cookie\\Middleware\\EncryptCookies->handle(Object(Illuminate\\Http\\Request), Object(Closure))
#29 E:\\kuliah syahwa\\Semester 4\\Pemogramman Web\\laravel\\belajar-1\\vendor\\laravel\\framework\\src\\Illuminate\\Pipeline\\Pipeline.php(116): Illuminate\\Pipeline\\Pipeline->Illuminate\\Pipeline\\{closure}(Object(Illuminate\\Http\\Request))
#30 E:\\kuliah syahwa\\Semester 4\\Pemogramman Web\\laravel\\belajar-1\\vendor\\laravel\\framework\\src\\Illuminate\\Routing\\Router.php(797): Illuminate\\Pipeline\\Pipeline->then(Object(Closure))
#31 E:\\kuliah syahwa\\Semester 4\\Pemogramman Web\\laravel\\belajar-1\\vendor\\laravel\\framework\\src\\Illuminate\\Routing\\Router.php(776): Illuminate\\Routing\\Router->runRouteWithinStack(Object(Illuminate\\Routing\\Route), Object(Illuminate\\Http\\Request))
#32 E:\\kuliah syahwa\\Semester 4\\Pemogramman Web\\laravel\\belajar-1\\vendor\\laravel\\framework\\src\\Illuminate\\Routing\\Router.php(740): Illuminate\\Routing\\Router->runRoute(Object(Illuminate\\Http\\Request), Object(Illuminate\\Routing\\Route))
#33 E:\\kuliah syahwa\\Semester 4\\Pemogramman Web\\laravel\\belajar-1\\vendor\\laravel\\framework\\src\\Illuminate\\Routing\\Router.php(729): Illuminate\\Routing\\Router->dispatchToRoute(Object(Illuminate\\Http\\Request))
#34 E:\\kuliah syahwa\\Semester 4\\Pemogramman Web\\laravel\\belajar-1\\vendor\\laravel\\framework\\src\\Illuminate\\Foundation\\Http\\Kernel.php(190): Illuminate\\Routing\\Router->dispatch(Object(Illuminate\\Http\\Request))
#35 E:\\kuliah syahwa\\Semester 4\\Pemogramman Web\\laravel\\belajar-1\\vendor\\laravel\\framework\\src\\Illuminate\\Pipeline\\Pipeline.php(141): Illuminate\\Foundation\\Http\\Kernel->Illuminate\\Foundation\\Http\\{closure}(Object(Illuminate\\Http\\Request))
#36 E:\\kuliah syahwa\\Semester 4\\Pemogramman Web\\laravel\\belajar-1\\vendor\\laravel\\framework\\src\\Illuminate\\Foundation\\Http\\Middleware\\TransformsRequest.php(21): Illuminate\\Pipeline\\Pipeline->Illuminate\\Pipeline\\{closure}(Object(Illuminate\\Http\\Request))
#37 E:\\kuliah syahwa\\Semester 4\\Pemogramman Web\\laravel\\belajar-1\\vendor\\laravel\\framework\\src\\Illuminate\\Foundation\\Http\\Middleware\\ConvertEmptyStringsToNull.php(31): Illuminate\\Foundation\\Http\\Middleware\\TransformsRequest->handle(Object(Illuminate\\Http\\Request), Object(Closure))
#38 E:\\kuliah syahwa\\Semester 4\\Pemogramman Web\\laravel\\belajar-1\\vendor\\laravel\\framework\\src\\Illuminate\\Pipeline\\Pipeline.php(180): Illuminate\\Foundation\\Http\\Middleware\\ConvertEmptyStringsToNull->handle(Object(Illuminate\\Http\\Request), Object(Closure))
#39 E:\\kuliah syahwa\\Semester 4\\Pemogramman Web\\laravel\\belajar-1\\vendor\\laravel\\framework\\src\\Illuminate\\Foundation\\Http\\Middleware\\TransformsRequest.php(21): Illuminate\\Pipeline\\Pipeline->Illuminate\\Pipeline\\{closure}(Object(Illuminate\\Http\\Request))
#40 E:\\kuliah syahwa\\Semester 4\\Pemogramman Web\\laravel\\belajar-1\\vendor\\laravel\\framework\\src\\Illuminate\\Foundation\\Http\\Middleware\\TrimStrings.php(40): Illuminate\\Foundation\\Http\\Middleware\\TransformsRequest->handle(Object(Illuminate\\Http\\Request), Object(Closure))
#41 E:\\kuliah syahwa\\Semester 4\\Pemogramman Web\\laravel\\belajar-1\\vendor\\laravel\\framework\\src\\Illuminate\\Pipeline\\Pipeline.php(180): Illuminate\\Foundation\\Http\\Middleware\\TrimStrings->handle(Object(Illuminate\\Http\\Request), Object(Closure))
#42 E:\\kuliah syahwa\\Semester 4\\Pemogramman Web\\laravel\\belajar-1\\vendor\\laravel\\framework\\src\\Illuminate\\Foundation\\Http\\Middleware\\ValidatePostSize.php(27): Illuminate\\Pipeline\\Pipeline->Illuminate\\Pipeline\\{closure}(Object(Illuminate\\Http\\Request))
#43 E:\\kuliah syahwa\\Semester 4\\Pemogramman Web\\laravel\\belajar-1\\vendor\\laravel\\framework\\src\\Illuminate\\Pipeline\\Pipeline.php(180): Illuminate\\Foundation\\Http\\Middleware\\ValidatePostSize->handle(Object(Illuminate\\Http\\Request), Object(Closure))
#44 E:\\kuliah syahwa\\Semester 4\\Pemogramman Web\\laravel\\belajar-1\\vendor\\laravel\\framework\\src\\Illuminate\\Foundation\\Http\\Middleware\\PreventRequestsDuringMaintenance.php(86): Illuminate\\Pipeline\\Pipeline->Illuminate\\Pipeline\\{closure}(Object(Illuminate\\Http\\Request))
#45 E:\\kuliah syahwa\\Semester 4\\Pemogramman Web\\laravel\\belajar-1\\vendor\\laravel\\framework\\src\\Illuminate\\Pipeline\\Pipeline.php(180): Illuminate\\Foundation\\Http\\Middleware\\PreventRequestsDuringMaintenance->handle(Object(Illuminate\\Http\\Request), Object(Closure))
#46 E:\\kuliah syahwa\\Semester 4\\Pemogramman Web\\laravel\\belajar-1\\vendor\\laravel\\framework\\src\\Illuminate\\Http\\Middleware\\HandleCors.php(49): Illuminate\\Pipeline\\Pipeline->Illuminate\\Pipeline\\{closure}(Object(Illuminate\\Http\\Request))
#47 E:\\kuliah syahwa\\Semester 4\\Pemogramman Web\\laravel\\belajar-1\\vendor\\laravel\\framework\\src\\Illuminate\\Pipeline\\Pipeline.php(180): Illuminate\\Http\\Middleware\\HandleCors->handle(Object(Illuminate\\Http\\Request), Object(Closure))
#48 E:\\kuliah syahwa\\Semester 4\\Pemogramman Web\\laravel\\belajar-1\\vendor\\laravel\\framework\\src\\Illuminate\\Http\\Middleware\\TrustProxies.php(39): Illuminate\\Pipeline\\Pipeline->Illuminate\\Pipeline\\{closure}(Object(Illuminate\\Http\\Request))
#49 E:\\kuliah syahwa\\Semester 4\\Pemogramman Web\\laravel\\belajar-1\\vendor\\laravel\\framework\\src\\Illuminate\\Pipeline\\Pipeline.php(180): Illuminate\\Http\\Middleware\\TrustProxies->handle(Object(Illuminate\\Http\\Request), Object(Closure))
#50 E:\\kuliah syahwa\\Semester 4\\Pemogramman Web\\laravel\\belajar-1\\vendor\\laravel\\framework\\src\\Illuminate\\Pipeline\\Pipeline.php(116): Illuminate\\Pipeline\\Pipeline->Illuminate\\Pipeline\\{closure}(Object(Illuminate\\Http\\Request))
#51 E:\\kuliah syahwa\\Semester 4\\Pemogramman Web\\laravel\\belajar-1\\vendor\\laravel\\framework\\src\\Illuminate\\Foundation\\Http\\Kernel.php(165): Illuminate\\Pipeline\\Pipeline->then(Object(Closure))
#52 E:\\kuliah syahwa\\Semester 4\\Pemogramman Web\\laravel\\belajar-1\\vendor\\laravel\\framework\\src\\Illuminate\\Foundation\\Http\\Kernel.php(134): Illuminate\\Foundation\\Http\\Kernel->sendRequestThroughRouter(Object(Illuminate\\Http\\Request))
#53 E:\\kuliah syahwa\\Semester 4\\Pemogramman Web\\laravel\\belajar-1\\public\\index.php(51): Illuminate\\Foundation\\Http\\Kernel->handle(Object(Illuminate\\Http\\Request))
#54 E:\\kuliah syahwa\\Semester 4\\Pemogramman Web\\laravel\\belajar-1\\vendor\\laravel\\framework\\src\\Illuminate\\Foundation\\resources\\server.php(16): require_once('E:\\\\kuliah syahw...')
#55 {main}
"} 
[2025-04-28 13:00:40] local.ERROR: Class "MahasiswaController" does not exist {"exception":"[object] (ReflectionException(code: -1): Class \"MahasiswaController\" does not exist at E:\\kuliah syahwa\\Semester 4\\Pemogramman Web\\laravel\\belajar-1\\vendor\\laravel\\framework\\src\\Illuminate\\Foundation\\Console\\RouteListCommand.php:234)
[stacktrace]
#0 E:\\kuliah syahwa\\Semester 4\\Pemogramman Web\\laravel\\belajar-1\\vendor\\laravel\\framework\\src\\Illuminate\\Foundation\\Console\\RouteListCommand.php(234): ReflectionClass->__construct('MahasiswaContro...')
#1 E:\\kuliah syahwa\\Semester 4\\Pemogramman Web\\laravel\\belajar-1\\vendor\\laravel\\framework\\src\\Illuminate\\Foundation\\Console\\RouteListCommand.php(156): Illuminate\\Foundation\\Console\\RouteListCommand->isVendorRoute(Object(Illuminate\\Routing\\Route))
#2 E:\\kuliah syahwa\\Semester 4\\Pemogramman Web\\laravel\\belajar-1\\vendor\\laravel\\framework\\src\\Illuminate\\Foundation\\Console\\RouteListCommand.php(125): Illuminate\\Foundation\\Console\\RouteListCommand->getRouteInformation(Object(Illuminate\\Routing\\Route))
#3 [internal function]: Illuminate\\Foundation\\Console\\RouteListCommand->Illuminate\\Foundation\\Console\\{closure}(Object(Illuminate\\Routing\\Route), 6)
#4 E:\\kuliah syahwa\\Semester 4\\Pemogramman Web\\laravel\\belajar-1\\vendor\\laravel\\framework\\src\\Illuminate\\Collections\\Arr.php(560): array_map(Object(Closure), Array, Array)
#5 E:\\kuliah syahwa\\Semester 4\\Pemogramman Web\\laravel\\belajar-1\\vendor\\laravel\\framework\\src\\Illuminate\\Collections\\Collection.php(768): Illuminate\\Support\\Arr::map(Array, Object(Closure))
#6 E:\\kuliah syahwa\\Semester 4\\Pemogramman Web\\laravel\\belajar-1\\vendor\\laravel\\framework\\src\\Illuminate\\Foundation\\Console\\RouteListCommand.php(124): Illuminate\\Support\\Collection->map(Object(Closure))
#7 E:\\kuliah syahwa\\Semester 4\\Pemogramman Web\\laravel\\belajar-1\\vendor\\laravel\\framework\\src\\Illuminate\\Foundation\\Console\\RouteListCommand.php(110): Illuminate\\Foundation\\Console\\RouteListCommand->getRoutes()
#8 E:\\kuliah syahwa\\Semester 4\\Pemogramman Web\\laravel\\belajar-1\\vendor\\laravel\\framework\\src\\Illuminate\\Container\\BoundMethod.php(36): Illuminate\\Foundation\\Console\\RouteListCommand->handle()
#9 E:\\kuliah syahwa\\Semester 4\\Pemogramman Web\\laravel\\belajar-1\\vendor\\laravel\\framework\\src\\Illuminate\\Container\\Util.php(41): Illuminate\\Container\\BoundMethod::Illuminate\\Container\\{closure}()
#10 E:\\kuliah syahwa\\Semester 4\\Pemogramman Web\\laravel\\belajar-1\\vendor\\laravel\\framework\\src\\Illuminate\\Container\\BoundMethod.php(93): Illuminate\\Container\\Util::unwrapIfClosure(Object(Closure))
#11 E:\\kuliah syahwa\\Semester 4\\Pemogramman Web\\laravel\\belajar-1\\vendor\\laravel\\framework\\src\\Illuminate\\Container\\BoundMethod.php(35): Illuminate\\Container\\BoundMethod::callBoundMethod(Object(Illuminate\\Foundation\\Application), Array, Object(Closure))
#12 E:\\kuliah syahwa\\Semester 4\\Pemogramman Web\\laravel\\belajar-1\\vendor\\laravel\\framework\\src\\Illuminate\\Container\\Container.php(661): Illuminate\\Container\\BoundMethod::call(Object(Illuminate\\Foundation\\Application), Array, Array, NULL)
#13 E:\\kuliah syahwa\\Semester 4\\Pemogramman Web\\laravel\\belajar-1\\vendor\\laravel\\framework\\src\\Illuminate\\Console\\Command.php(183): Illuminate\\Container\\Container->call(Array)
#14 E:\\kuliah syahwa\\Semester 4\\Pemogramman Web\\laravel\\belajar-1\\vendor\\symfony\\console\\Command\\Command.php(326): Illuminate\\Console\\Command->execute(Object(Symfony\\Component\\Console\\Input\\ArgvInput), Object(Illuminate\\Console\\OutputStyle))
#15 E:\\kuliah syahwa\\Semester 4\\Pemogramman Web\\laravel\\belajar-1\\vendor\\laravel\\framework\\src\\Illuminate\\Console\\Command.php(152): Symfony\\Component\\Console\\Command\\Command->run(Object(Symfony\\Component\\Console\\Input\\ArgvInput), Object(Illuminate\\Console\\OutputStyle))
#16 E:\\kuliah syahwa\\Semester 4\\Pemogramman Web\\laravel\\belajar-1\\vendor\\symfony\\console\\Application.php(1078): Illuminate\\Console\\Command->run(Object(Symfony\\Component\\Console\\Input\\ArgvInput), Object(Symfony\\Component\\Console\\Output\\ConsoleOutput))
#17 E:\\kuliah syahwa\\Semester 4\\Pemogramman Web\\laravel\\belajar-1\\vendor\\symfony\\console\\Application.php(324): Symfony\\Component\\Console\\Application->doRunCommand(Object(Illuminate\\Foundation\\Console\\RouteListCommand), Object(Symfony\\Component\\Console\\Input\\ArgvInput), Object(Symfony\\Component\\Console\\Output\\ConsoleOutput))
#18 E:\\kuliah syahwa\\Semester 4\\Pemogramman Web\\laravel\\belajar-1\\vendor\\symfony\\console\\Application.php(175): Symfony\\Component\\Console\\Application->doRun(Object(Symfony\\Component\\Console\\Input\\ArgvInput), Object(Symfony\\Component\\Console\\Output\\ConsoleOutput))
#19 E:\\kuliah syahwa\\Semester 4\\Pemogramman Web\\laravel\\belajar-1\\vendor\\laravel\\framework\\src\\Illuminate\\Console\\Application.php(102): Symfony\\Component\\Console\\Application->run(Object(Symfony\\Component\\Console\\Input\\ArgvInput), Object(Symfony\\Component\\Console\\Output\\ConsoleOutput))
#20 E:\\kuliah syahwa\\Semester 4\\Pemogramman Web\\laravel\\belajar-1\\vendor\\laravel\\framework\\src\\Illuminate\\Foundation\\Console\\Kernel.php(155): Illuminate\\Console\\Application->run(Object(Symfony\\Component\\Console\\Input\\ArgvInput), Object(Symfony\\Component\\Console\\Output\\ConsoleOutput))
#21 E:\\kuliah syahwa\\Semester 4\\Pemogramman Web\\laravel\\belajar-1\\artisan(35): Illuminate\\Foundation\\Console\\Kernel->handle(Object(Symfony\\Component\\Console\\Input\\ArgvInput), Object(Symfony\\Component\\Console\\Output\\ConsoleOutput))
#22 {main}
"} 
[2025-04-28 13:40:04] local.ERROR: syntax error, unexpected end of file {"view":{"view":"E:\\kuliah syahwa\\Semester 4\\Pemogramman Web\\laravel\\belajar-1\\resources\\views\\mahasiswa\\index.blade.php","data":{"errors":"<pre class=sf-dump id=sf-dump-531761681 data-indent-pad=\"  \"><span class=sf-dump-note>Illuminate\\Support\\ViewErrorBag</span> {<a class=sf-dump-ref>#1236</a><samp data-depth=1 class=sf-dump-expanded>
  #<span class=sf-dump-protected title=\"Protected property\">bags</span>: []
</samp>}
</pre><script>Sfdump(\"sf-dump-531761681\", {\"maxDepth\":3,\"maxStringLength\":160})</script>
","mahasiswa":"<pre class=sf-dump id=sf-dump-243168433 data-indent-pad=\"  \"><span class=sf-dump-note>Illuminate\\Database\\Eloquent\\Collection</span> {<a class=sf-dump-ref>#1259</a><samp data-depth=1 class=sf-dump-expanded>
  #<span class=sf-dump-protected title=\"Protected property\">items</span>: []
  #<span class=sf-dump-protected title=\"Protected property\">escapeWhenCastingToString</span>: <span class=sf-dump-const>false</span>
</samp>}
</pre><script>Sfdump(\"sf-dump-243168433\", {\"maxDepth\":3,\"maxStringLength\":160})</script>
"}},"exception":"[object] (Spatie\\LaravelIgnition\\Exceptions\\ViewException(code: 0): syntax error, unexpected end of file at E:\\kuliah syahwa\\Semester 4\\Pemogramman Web\\laravel\\belajar-1\\resources\\views\\mahasiswa\\index.blade.php:28)
[stacktrace]
#0 E:\\kuliah syahwa\\Semester 4\\Pemogramman Web\\laravel\\belajar-1\\vendor\\laravel\\framework\\src\\Illuminate\\Filesystem\\Filesystem.php(110): Illuminate\\Filesystem\\Filesystem::Illuminate\\Filesystem\\{closure}()
#1 E:\\kuliah syahwa\\Semester 4\\Pemogramman Web\\laravel\\belajar-1\\vendor\\laravel\\framework\\src\\Illuminate\\View\\Engines\\PhpEngine.php(58): Illuminate\\Filesystem\\Filesystem->getRequire('E:\\\\kuliah syahw...', Array)
#2 E:\\kuliah syahwa\\Semester 4\\Pemogramman Web\\laravel\\belajar-1\\vendor\\laravel\\framework\\src\\Illuminate\\View\\Engines\\CompilerEngine.php(70): Illuminate\\View\\Engines\\PhpEngine->evaluatePath('E:\\\\kuliah syahw...', Array)
#3 E:\\kuliah syahwa\\Semester 4\\Pemogramman Web\\laravel\\belajar-1\\vendor\\laravel\\framework\\src\\Illuminate\\View\\View.php(195): Illuminate\\View\\Engines\\CompilerEngine->get('E:\\\\kuliah syahw...', Array)
#4 E:\\kuliah syahwa\\Semester 4\\Pemogramman Web\\laravel\\belajar-1\\vendor\\laravel\\framework\\src\\Illuminate\\View\\View.php(178): Illuminate\\View\\View->getContents()
#5 E:\\kuliah syahwa\\Semester 4\\Pemogramman Web\\laravel\\belajar-1\\vendor\\laravel\\framework\\src\\Illuminate\\View\\View.php(147): Illuminate\\View\\View->renderContents()
#6 E:\\kuliah syahwa\\Semester 4\\Pemogramman Web\\laravel\\belajar-1\\vendor\\laravel\\framework\\src\\Illuminate\\Http\\Response.php(69): Illuminate\\View\\View->render()
#7 E:\\kuliah syahwa\\Semester 4\\Pemogramman Web\\laravel\\belajar-1\\vendor\\laravel\\framework\\src\\Illuminate\\Http\\Response.php(35): Illuminate\\Http\\Response->setContent(Object(Illuminate\\View\\View))
#8 E:\\kuliah syahwa\\Semester 4\\Pemogramman Web\\laravel\\belajar-1\\vendor\\laravel\\framework\\src\\Illuminate\\Routing\\Router.php(906): Illuminate\\Http\\Response->__construct(Object(Illuminate\\View\\View), 200, Array)
#9 E:\\kuliah syahwa\\Semester 4\\Pemogramman Web\\laravel\\belajar-1\\vendor\\laravel\\framework\\src\\Illuminate\\Routing\\Router.php(875): Illuminate\\Routing\\Router::toResponse(Object(Illuminate\\Http\\Request), Object(Illuminate\\View\\View))
#10 E:\\kuliah syahwa\\Semester 4\\Pemogramman Web\\laravel\\belajar-1\\vendor\\laravel\\framework\\src\\Illuminate\\Routing\\Router.php(797): Illuminate\\Routing\\Router->prepareResponse(Object(Illuminate\\Http\\Request), Object(Illuminate\\View\\View))
#11 E:\\kuliah syahwa\\Semester 4\\Pemogramman Web\\laravel\\belajar-1\\vendor\\laravel\\framework\\src\\Illuminate\\Pipeline\\Pipeline.php(141): Illuminate\\Routing\\Router->Illuminate\\Routing\\{closure}(Object(Illuminate\\Http\\Request))
#12 E:\\kuliah syahwa\\Semester 4\\Pemogramman Web\\laravel\\belajar-1\\vendor\\laravel\\framework\\src\\Illuminate\\Routing\\Middleware\\SubstituteBindings.php(50): Illuminate\\Pipeline\\Pipeline->Illuminate\\Pipeline\\{closure}(Object(Illuminate\\Http\\Request))
#13 E:\\kuliah syahwa\\Semester 4\\Pemogramman Web\\laravel\\belajar-1\\vendor\\laravel\\framework\\src\\Illuminate\\Pipeline\\Pipeline.php(180): Illuminate\\Routing\\Middleware\\SubstituteBindings->handle(Object(Illuminate\\Http\\Request), Object(Closure))
#14 E:\\kuliah syahwa\\Semester 4\\Pemogramman Web\\laravel\\belajar-1\\vendor\\laravel\\framework\\src\\Illuminate\\Foundation\\Http\\Middleware\\VerifyCsrfToken.php(78): Illuminate\\Pipeline\\Pipeline->Illuminate\\Pipeline\\{closure}(Object(Illuminate\\Http\\Request))
#15 E:\\kuliah syahwa\\Semester 4\\Pemogramman Web\\laravel\\belajar-1\\vendor\\laravel\\framework\\src\\Illuminate\\Pipeline\\Pipeline.php(180): Illuminate\\Foundation\\Http\\Middleware\\VerifyCsrfToken->handle(Object(Illuminate\\Http\\Request), Object(Closure))
#16 E:\\kuliah syahwa\\Semester 4\\Pemogramman Web\\laravel\\belajar-1\\vendor\\laravel\\framework\\src\\Illuminate\\View\\Middleware\\ShareErrorsFromSession.php(49): Illuminate\\Pipeline\\Pipeline->Illuminate\\Pipeline\\{closure}(Object(Illuminate\\Http\\Request))
#17 E:\\kuliah syahwa\\Semester 4\\Pemogramman Web\\laravel\\belajar-1\\vendor\\laravel\\framework\\src\\Illuminate\\Pipeline\\Pipeline.php(180): Illuminate\\View\\Middleware\\ShareErrorsFromSession->handle(Object(Illuminate\\Http\\Request), Object(Closure))
#18 E:\\kuliah syahwa\\Semester 4\\Pemogramman Web\\laravel\\belajar-1\\vendor\\laravel\\framework\\src\\Illuminate\\Session\\Middleware\\StartSession.php(121): Illuminate\\Pipeline\\Pipeline->Illuminate\\Pipeline\\{closure}(Object(Illuminate\\Http\\Request))
#19 E:\\kuliah syahwa\\Semester 4\\Pemogramman Web\\laravel\\belajar-1\\vendor\\laravel\\framework\\src\\Illuminate\\Session\\Middleware\\StartSession.php(64): Illuminate\\Session\\Middleware\\StartSession->handleStatefulRequest(Object(Illuminate\\Http\\Request), Object(Illuminate\\Session\\Store), Object(Closure))
#20 E:\\kuliah syahwa\\Semester 4\\Pemogramman Web\\laravel\\belajar-1\\vendor\\laravel\\framework\\src\\Illuminate\\Pipeline\\Pipeline.php(180): Illuminate\\Session\\Middleware\\StartSession->handle(Object(Illuminate\\Http\\Request), Object(Closure))
#21 E:\\kuliah syahwa\\Semester 4\\Pemogramman Web\\laravel\\belajar-1\\vendor\\laravel\\framework\\src\\Illuminate\\Cookie\\Middleware\\AddQueuedCookiesToResponse.php(37): Illuminate\\Pipeline\\Pipeline->Illuminate\\Pipeline\\{closure}(Object(Illuminate\\Http\\Request))
#22 E:\\kuliah syahwa\\Semester 4\\Pemogramman Web\\laravel\\belajar-1\\vendor\\laravel\\framework\\src\\Illuminate\\Pipeline\\Pipeline.php(180): Illuminate\\Cookie\\Middleware\\AddQueuedCookiesToResponse->handle(Object(Illuminate\\Http\\Request), Object(Closure))
#23 E:\\kuliah syahwa\\Semester 4\\Pemogramman Web\\laravel\\belajar-1\\vendor\\laravel\\framework\\src\\Illuminate\\Cookie\\Middleware\\EncryptCookies.php(67): Illuminate\\Pipeline\\Pipeline->Illuminate\\Pipeline\\{closure}(Object(Illuminate\\Http\\Request))
#24 E:\\kuliah syahwa\\Semester 4\\Pemogramman Web\\laravel\\belajar-1\\vendor\\laravel\\framework\\src\\Illuminate\\Pipeline\\Pipeline.php(180): Illuminate\\Cookie\\Middleware\\EncryptCookies->handle(Object(Illuminate\\Http\\Request), Object(Closure))
#25 E:\\kuliah syahwa\\Semester 4\\Pemogramman Web\\laravel\\belajar-1\\vendor\\laravel\\framework\\src\\Illuminate\\Pipeline\\Pipeline.php(116): Illuminate\\Pipeline\\Pipeline->Illuminate\\Pipeline\\{closure}(Object(Illuminate\\Http\\Request))
#26 E:\\kuliah syahwa\\Semester 4\\Pemogramman Web\\laravel\\belajar-1\\vendor\\laravel\\framework\\src\\Illuminate\\Routing\\Router.php(797): Illuminate\\Pipeline\\Pipeline->then(Object(Closure))
#27 E:\\kuliah syahwa\\Semester 4\\Pemogramman Web\\laravel\\belajar-1\\vendor\\laravel\\framework\\src\\Illuminate\\Routing\\Router.php(776): Illuminate\\Routing\\Router->runRouteWithinStack(Object(Illuminate\\Routing\\Route), Object(Illuminate\\Http\\Request))
#28 E:\\kuliah syahwa\\Semester 4\\Pemogramman Web\\laravel\\belajar-1\\vendor\\laravel\\framework\\src\\Illuminate\\Routing\\Router.php(740): Illuminate\\Routing\\Router->runRoute(Object(Illuminate\\Http\\Request), Object(Illuminate\\Routing\\Route))
#29 E:\\kuliah syahwa\\Semester 4\\Pemogramman Web\\laravel\\belajar-1\\vendor\\laravel\\framework\\src\\Illuminate\\Routing\\Router.php(729): Illuminate\\Routing\\Router->dispatchToRoute(Object(Illuminate\\Http\\Request))
#30 E:\\kuliah syahwa\\Semester 4\\Pemogramman Web\\laravel\\belajar-1\\vendor\\laravel\\framework\\src\\Illuminate\\Foundation\\Http\\Kernel.php(190): Illuminate\\Routing\\Router->dispatch(Object(Illuminate\\Http\\Request))
#31 E:\\kuliah syahwa\\Semester 4\\Pemogramman Web\\laravel\\belajar-1\\vendor\\laravel\\framework\\src\\Illuminate\\Pipeline\\Pipeline.php(141): Illuminate\\Foundation\\Http\\Kernel->Illuminate\\Foundation\\Http\\{closure}(Object(Illuminate\\Http\\Request))
#32 E:\\kuliah syahwa\\Semester 4\\Pemogramman Web\\laravel\\belajar-1\\vendor\\laravel\\framework\\src\\Illuminate\\Foundation\\Http\\Middleware\\TransformsRequest.php(21): Illuminate\\Pipeline\\Pipeline->Illuminate\\Pipeline\\{closure}(Object(Illuminate\\Http\\Request))
#33 E:\\kuliah syahwa\\Semester 4\\Pemogramman Web\\laravel\\belajar-1\\vendor\\laravel\\framework\\src\\Illuminate\\Foundation\\Http\\Middleware\\ConvertEmptyStringsToNull.php(31): Illuminate\\Foundation\\Http\\Middleware\\TransformsRequest->handle(Object(Illuminate\\Http\\Request), Object(Closure))
#34 E:\\kuliah syahwa\\Semester 4\\Pemogramman Web\\laravel\\belajar-1\\vendor\\laravel\\framework\\src\\Illuminate\\Pipeline\\Pipeline.php(180): Illuminate\\Foundation\\Http\\Middleware\\ConvertEmptyStringsToNull->handle(Object(Illuminate\\Http\\Request), Object(Closure))
#35 E:\\kuliah syahwa\\Semester 4\\Pemogramman Web\\laravel\\belajar-1\\vendor\\laravel\\framework\\src\\Illuminate\\Foundation\\Http\\Middleware\\TransformsRequest.php(21): Illuminate\\Pipeline\\Pipeline->Illuminate\\Pipeline\\{closure}(Object(Illuminate\\Http\\Request))
#36 E:\\kuliah syahwa\\Semester 4\\Pemogramman Web\\laravel\\belajar-1\\vendor\\laravel\\framework\\src\\Illuminate\\Foundation\\Http\\Middleware\\TrimStrings.php(40): Illuminate\\Foundation\\Http\\Middleware\\TransformsRequest->handle(Object(Illuminate\\Http\\Request), Object(Closure))
#37 E:\\kuliah syahwa\\Semester 4\\Pemogramman Web\\laravel\\belajar-1\\vendor\\laravel\\framework\\src\\Illuminate\\Pipeline\\Pipeline.php(180): Illuminate\\Foundation\\Http\\Middleware\\TrimStrings->handle(Object(Illuminate\\Http\\Request), Object(Closure))
#38 E:\\kuliah syahwa\\Semester 4\\Pemogramman Web\\laravel\\belajar-1\\vendor\\laravel\\framework\\src\\Illuminate\\Foundation\\Http\\Middleware\\ValidatePostSize.php(27): Illuminate\\Pipeline\\Pipeline->Illuminate\\Pipeline\\{closure}(Object(Illuminate\\Http\\Request))
#39 E:\\kuliah syahwa\\Semester 4\\Pemogramman Web\\laravel\\belajar-1\\vendor\\laravel\\framework\\src\\Illuminate\\Pipeline\\Pipeline.php(180): Illuminate\\Foundation\\Http\\Middleware\\ValidatePostSize->handle(Object(Illuminate\\Http\\Request), Object(Closure))
#40 E:\\kuliah syahwa\\Semester 4\\Pemogramman Web\\laravel\\belajar-1\\vendor\\laravel\\framework\\src\\Illuminate\\Foundation\\Http\\Middleware\\PreventRequestsDuringMaintenance.php(86): Illuminate\\Pipeline\\Pipeline->Illuminate\\Pipeline\\{closure}(Object(Illuminate\\Http\\Request))
#41 E:\\kuliah syahwa\\Semester 4\\Pemogramman Web\\laravel\\belajar-1\\vendor\\laravel\\framework\\src\\Illuminate\\Pipeline\\Pipeline.php(180): Illuminate\\Foundation\\Http\\Middleware\\PreventRequestsDuringMaintenance->handle(Object(Illuminate\\Http\\Request), Object(Closure))
#42 E:\\kuliah syahwa\\Semester 4\\Pemogramman Web\\laravel\\belajar-1\\vendor\\laravel\\framework\\src\\Illuminate\\Http\\Middleware\\HandleCors.php(49): Illuminate\\Pipeline\\Pipeline->Illuminate\\Pipeline\\{closure}(Object(Illuminate\\Http\\Request))
#43 E:\\kuliah syahwa\\Semester 4\\Pemogramman Web\\laravel\\belajar-1\\vendor\\laravel\\framework\\src\\Illuminate\\Pipeline\\Pipeline.php(180): Illuminate\\Http\\Middleware\\HandleCors->handle(Object(Illuminate\\Http\\Request), Object(Closure))
#44 E:\\kuliah syahwa\\Semester 4\\Pemogramman Web\\laravel\\belajar-1\\vendor\\laravel\\framework\\src\\Illuminate\\Http\\Middleware\\TrustProxies.php(39): Illuminate\\Pipeline\\Pipeline->Illuminate\\Pipeline\\{closure}(Object(Illuminate\\Http\\Request))
#45 E:\\kuliah syahwa\\Semester 4\\Pemogramman Web\\laravel\\belajar-1\\vendor\\laravel\\framework\\src\\Illuminate\\Pipeline\\Pipeline.php(180): Illuminate\\Http\\Middleware\\TrustProxies->handle(Object(Illuminate\\Http\\Request), Object(Closure))
#46 E:\\kuliah syahwa\\Semester 4\\Pemogramman Web\\laravel\\belajar-1\\vendor\\laravel\\framework\\src\\Illuminate\\Pipeline\\Pipeline.php(116): Illuminate\\Pipeline\\Pipeline->Illuminate\\Pipeline\\{closure}(Object(Illuminate\\Http\\Request))
#47 E:\\kuliah syahwa\\Semester 4\\Pemogramman Web\\laravel\\belajar-1\\vendor\\laravel\\framework\\src\\Illuminate\\Foundation\\Http\\Kernel.php(165): Illuminate\\Pipeline\\Pipeline->then(Object(Closure))
#48 E:\\kuliah syahwa\\Semester 4\\Pemogramman Web\\laravel\\belajar-1\\vendor\\laravel\\framework\\src\\Illuminate\\Foundation\\Http\\Kernel.php(134): Illuminate\\Foundation\\Http\\Kernel->sendRequestThroughRouter(Object(Illuminate\\Http\\Request))
#49 E:\\kuliah syahwa\\Semester 4\\Pemogramman Web\\laravel\\belajar-1\\public\\index.php(51): Illuminate\\Foundation\\Http\\Kernel->handle(Object(Illuminate\\Http\\Request))
#50 E:\\kuliah syahwa\\Semester 4\\Pemogramman Web\\laravel\\belajar-1\\vendor\\laravel\\framework\\src\\Illuminate\\Foundation\\resources\\server.php(16): require_once('E:\\\\kuliah syahw...')
#51 {main}

[previous exception] [object] (ParseError(code: 0): syntax error, unexpected end of file at E:\\kuliah syahwa\\Semester 4\\Pemogramman Web\\laravel\\belajar-1\\storage\\framework\\views\\c3bb19c2521ae8ae3cf2895fb65cfb5b2969917e.php:41)
[stacktrace]
#0 E:\\kuliah syahwa\\Semester 4\\Pemogramman Web\\laravel\\belajar-1\\vendor\\laravel\\framework\\src\\Illuminate\\Filesystem\\Filesystem.php(110): Illuminate\\Filesystem\\Filesystem::Illuminate\\Filesystem\\{closure}()
#1 E:\\kuliah syahwa\\Semester 4\\Pemogramman Web\\laravel\\belajar-1\\vendor\\laravel\\framework\\src\\Illuminate\\View\\Engines\\PhpEngine.php(58): Illuminate\\Filesystem\\Filesystem->getRequire('E:\\\\kuliah syahw...', Array)
#2 E:\\kuliah syahwa\\Semester 4\\Pemogramman Web\\laravel\\belajar-1\\vendor\\laravel\\framework\\src\\Illuminate\\View\\Engines\\CompilerEngine.php(70): Illuminate\\View\\Engines\\PhpEngine->evaluatePath('E:\\\\kuliah syahw...', Array)
#3 E:\\kuliah syahwa\\Semester 4\\Pemogramman Web\\laravel\\belajar-1\\vendor\\laravel\\framework\\src\\Illuminate\\View\\View.php(195): Illuminate\\View\\Engines\\CompilerEngine->get('E:\\\\kuliah syahw...', Array)
#4 E:\\kuliah syahwa\\Semester 4\\Pemogramman Web\\laravel\\belajar-1\\vendor\\laravel\\framework\\src\\Illuminate\\View\\View.php(178): Illuminate\\View\\View->getContents()
#5 E:\\kuliah syahwa\\Semester 4\\Pemogramman Web\\laravel\\belajar-1\\vendor\\laravel\\framework\\src\\Illuminate\\View\\View.php(147): Illuminate\\View\\View->renderContents()
#6 E:\\kuliah syahwa\\Semester 4\\Pemogramman Web\\laravel\\belajar-1\\vendor\\laravel\\framework\\src\\Illuminate\\Http\\Response.php(69): Illuminate\\View\\View->render()
#7 E:\\kuliah syahwa\\Semester 4\\Pemogramman Web\\laravel\\belajar-1\\vendor\\laravel\\framework\\src\\Illuminate\\Http\\Response.php(35): Illuminate\\Http\\Response->setContent(Object(Illuminate\\View\\View))
#8 E:\\kuliah syahwa\\Semester 4\\Pemogramman Web\\laravel\\belajar-1\\vendor\\laravel\\framework\\src\\Illuminate\\Routing\\Router.php(906): Illuminate\\Http\\Response->__construct(Object(Illuminate\\View\\View), 200, Array)
#9 E:\\kuliah syahwa\\Semester 4\\Pemogramman Web\\laravel\\belajar-1\\vendor\\laravel\\framework\\src\\Illuminate\\Routing\\Router.php(875): Illuminate\\Routing\\Router::toResponse(Object(Illuminate\\Http\\Request), Object(Illuminate\\View\\View))
#10 E:\\kuliah syahwa\\Semester 4\\Pemogramman Web\\laravel\\belajar-1\\vendor\\laravel\\framework\\src\\Illuminate\\Routing\\Router.php(797): Illuminate\\Routing\\Router->prepareResponse(Object(Illuminate\\Http\\Request), Object(Illuminate\\View\\View))
#11 E:\\kuliah syahwa\\Semester 4\\Pemogramman Web\\laravel\\belajar-1\\vendor\\laravel\\framework\\src\\Illuminate\\Pipeline\\Pipeline.php(141): Illuminate\\Routing\\Router->Illuminate\\Routing\\{closure}(Object(Illuminate\\Http\\Request))
#12 E:\\kuliah syahwa\\Semester 4\\Pemogramman Web\\laravel\\belajar-1\\vendor\\laravel\\framework\\src\\Illuminate\\Routing\\Middleware\\SubstituteBindings.php(50): Illuminate\\Pipeline\\Pipeline->Illuminate\\Pipeline\\{closure}(Object(Illuminate\\Http\\Request))
#13 E:\\kuliah syahwa\\Semester 4\\Pemogramman Web\\laravel\\belajar-1\\vendor\\laravel\\framework\\src\\Illuminate\\Pipeline\\Pipeline.php(180): Illuminate\\Routing\\Middleware\\SubstituteBindings->handle(Object(Illuminate\\Http\\Request), Object(Closure))
#14 E:\\kuliah syahwa\\Semester 4\\Pemogramman Web\\laravel\\belajar-1\\vendor\\laravel\\framework\\src\\Illuminate\\Foundation\\Http\\Middleware\\VerifyCsrfToken.php(78): Illuminate\\Pipeline\\Pipeline->Illuminate\\Pipeline\\{closure}(Object(Illuminate\\Http\\Request))
#15 E:\\kuliah syahwa\\Semester 4\\Pemogramman Web\\laravel\\belajar-1\\vendor\\laravel\\framework\\src\\Illuminate\\Pipeline\\Pipeline.php(180): Illuminate\\Foundation\\Http\\Middleware\\VerifyCsrfToken->handle(Object(Illuminate\\Http\\Request), Object(Closure))
#16 E:\\kuliah syahwa\\Semester 4\\Pemogramman Web\\laravel\\belajar-1\\vendor\\laravel\\framework\\src\\Illuminate\\View\\Middleware\\ShareErrorsFromSession.php(49): Illuminate\\Pipeline\\Pipeline->Illuminate\\Pipeline\\{closure}(Object(Illuminate\\Http\\Request))
#17 E:\\kuliah syahwa\\Semester 4\\Pemogramman Web\\laravel\\belajar-1\\vendor\\laravel\\framework\\src\\Illuminate\\Pipeline\\Pipeline.php(180): Illuminate\\View\\Middleware\\ShareErrorsFromSession->handle(Object(Illuminate\\Http\\Request), Object(Closure))
#18 E:\\kuliah syahwa\\Semester 4\\Pemogramman Web\\laravel\\belajar-1\\vendor\\laravel\\framework\\src\\Illuminate\\Session\\Middleware\\StartSession.php(121): Illuminate\\Pipeline\\Pipeline->Illuminate\\Pipeline\\{closure}(Object(Illuminate\\Http\\Request))
#19 E:\\kuliah syahwa\\Semester 4\\Pemogramman Web\\laravel\\belajar-1\\vendor\\laravel\\framework\\src\\Illuminate\\Session\\Middleware\\StartSession.php(64): Illuminate\\Session\\Middleware\\StartSession->handleStatefulRequest(Object(Illuminate\\Http\\Request), Object(Illuminate\\Session\\Store), Object(Closure))
#20 E:\\kuliah syahwa\\Semester 4\\Pemogramman Web\\laravel\\belajar-1\\vendor\\laravel\\framework\\src\\Illuminate\\Pipeline\\Pipeline.php(180): Illuminate\\Session\\Middleware\\StartSession->handle(Object(Illuminate\\Http\\Request), Object(Closure))
#21 E:\\kuliah syahwa\\Semester 4\\Pemogramman Web\\laravel\\belajar-1\\vendor\\laravel\\framework\\src\\Illuminate\\Cookie\\Middleware\\AddQueuedCookiesToResponse.php(37): Illuminate\\Pipeline\\Pipeline->Illuminate\\Pipeline\\{closure}(Object(Illuminate\\Http\\Request))
#22 E:\\kuliah syahwa\\Semester 4\\Pemogramman Web\\laravel\\belajar-1\\vendor\\laravel\\framework\\src\\Illuminate\\Pipeline\\Pipeline.php(180): Illuminate\\Cookie\\Middleware\\AddQueuedCookiesToResponse->handle(Object(Illuminate\\Http\\Request), Object(Closure))
#23 E:\\kuliah syahwa\\Semester 4\\Pemogramman Web\\laravel\\belajar-1\\vendor\\laravel\\framework\\src\\Illuminate\\Cookie\\Middleware\\EncryptCookies.php(67): Illuminate\\Pipeline\\Pipeline->Illuminate\\Pipeline\\{closure}(Object(Illuminate\\Http\\Request))
#24 E:\\kuliah syahwa\\Semester 4\\Pemogramman Web\\laravel\\belajar-1\\vendor\\laravel\\framework\\src\\Illuminate\\Pipeline\\Pipeline.php(180): Illuminate\\Cookie\\Middleware\\EncryptCookies->handle(Object(Illuminate\\Http\\Request), Object(Closure))
#25 E:\\kuliah syahwa\\Semester 4\\Pemogramman Web\\laravel\\belajar-1\\vendor\\laravel\\framework\\src\\Illuminate\\Pipeline\\Pipeline.php(116): Illuminate\\Pipeline\\Pipeline->Illuminate\\Pipeline\\{closure}(Object(Illuminate\\Http\\Request))
#26 E:\\kuliah syahwa\\Semester 4\\Pemogramman Web\\laravel\\belajar-1\\vendor\\laravel\\framework\\src\\Illuminate\\Routing\\Router.php(797): Illuminate\\Pipeline\\Pipeline->then(Object(Closure))
#27 E:\\kuliah syahwa\\Semester 4\\Pemogramman Web\\laravel\\belajar-1\\vendor\\laravel\\framework\\src\\Illuminate\\Routing\\Router.php(776): Illuminate\\Routing\\Router->runRouteWithinStack(Object(Illuminate\\Routing\\Route), Object(Illuminate\\Http\\Request))
#28 E:\\kuliah syahwa\\Semester 4\\Pemogramman Web\\laravel\\belajar-1\\vendor\\laravel\\framework\\src\\Illuminate\\Routing\\Router.php(740): Illuminate\\Routing\\Router->runRoute(Object(Illuminate\\Http\\Request), Object(Illuminate\\Routing\\Route))
#29 E:\\kuliah syahwa\\Semester 4\\Pemogramman Web\\laravel\\belajar-1\\vendor\\laravel\\framework\\src\\Illuminate\\Routing\\Router.php(729): Illuminate\\Routing\\Router->dispatchToRoute(Object(Illuminate\\Http\\Request))
#30 E:\\kuliah syahwa\\Semester 4\\Pemogramman Web\\laravel\\belajar-1\\vendor\\laravel\\framework\\src\\Illuminate\\Foundation\\Http\\Kernel.php(190): Illuminate\\Routing\\Router->dispatch(Object(Illuminate\\Http\\Request))
#31 E:\\kuliah syahwa\\Semester 4\\Pemogramman Web\\laravel\\belajar-1\\vendor\\laravel\\framework\\src\\Illuminate\\Pipeline\\Pipeline.php(141): Illuminate\\Foundation\\Http\\Kernel->Illuminate\\Foundation\\Http\\{closure}(Object(Illuminate\\Http\\Request))
#32 E:\\kuliah syahwa\\Semester 4\\Pemogramman Web\\laravel\\belajar-1\\vendor\\laravel\\framework\\src\\Illuminate\\Foundation\\Http\\Middleware\\TransformsRequest.php(21): Illuminate\\Pipeline\\Pipeline->Illuminate\\Pipeline\\{closure}(Object(Illuminate\\Http\\Request))
#33 E:\\kuliah syahwa\\Semester 4\\Pemogramman Web\\laravel\\belajar-1\\vendor\\laravel\\framework\\src\\Illuminate\\Foundation\\Http\\Middleware\\ConvertEmptyStringsToNull.php(31): Illuminate\\Foundation\\Http\\Middleware\\TransformsRequest->handle(Object(Illuminate\\Http\\Request), Object(Closure))
#34 E:\\kuliah syahwa\\Semester 4\\Pemogramman Web\\laravel\\belajar-1\\vendor\\laravel\\framework\\src\\Illuminate\\Pipeline\\Pipeline.php(180): Illuminate\\Foundation\\Http\\Middleware\\ConvertEmptyStringsToNull->handle(Object(Illuminate\\Http\\Request), Object(Closure))
#35 E:\\kuliah syahwa\\Semester 4\\Pemogramman Web\\laravel\\belajar-1\\vendor\\laravel\\framework\\src\\Illuminate\\Foundation\\Http\\Middleware\\TransformsRequest.php(21): Illuminate\\Pipeline\\Pipeline->Illuminate\\Pipeline\\{closure}(Object(Illuminate\\Http\\Request))
#36 E:\\kuliah syahwa\\Semester 4\\Pemogramman Web\\laravel\\belajar-1\\vendor\\laravel\\framework\\src\\Illuminate\\Foundation\\Http\\Middleware\\TrimStrings.php(40): Illuminate\\Foundation\\Http\\Middleware\\TransformsRequest->handle(Object(Illuminate\\Http\\Request), Object(Closure))
#37 E:\\kuliah syahwa\\Semester 4\\Pemogramman Web\\laravel\\belajar-1\\vendor\\laravel\\framework\\src\\Illuminate\\Pipeline\\Pipeline.php(180): Illuminate\\Foundation\\Http\\Middleware\\TrimStrings->handle(Object(Illuminate\\Http\\Request), Object(Closure))
#38 E:\\kuliah syahwa\\Semester 4\\Pemogramman Web\\laravel\\belajar-1\\vendor\\laravel\\framework\\src\\Illuminate\\Foundation\\Http\\Middleware\\ValidatePostSize.php(27): Illuminate\\Pipeline\\Pipeline->Illuminate\\Pipeline\\{closure}(Object(Illuminate\\Http\\Request))
#39 E:\\kuliah syahwa\\Semester 4\\Pemogramman Web\\laravel\\belajar-1\\vendor\\laravel\\framework\\src\\Illuminate\\Pipeline\\Pipeline.php(180): Illuminate\\Foundation\\Http\\Middleware\\ValidatePostSize->handle(Object(Illuminate\\Http\\Request), Object(Closure))
#40 E:\\kuliah syahwa\\Semester 4\\Pemogramman Web\\laravel\\belajar-1\\vendor\\laravel\\framework\\src\\Illuminate\\Foundation\\Http\\Middleware\\PreventRequestsDuringMaintenance.php(86): Illuminate\\Pipeline\\Pipeline->Illuminate\\Pipeline\\{closure}(Object(Illuminate\\Http\\Request))
#41 E:\\kuliah syahwa\\Semester 4\\Pemogramman Web\\laravel\\belajar-1\\vendor\\laravel\\framework\\src\\Illuminate\\Pipeline\\Pipeline.php(180): Illuminate\\Foundation\\Http\\Middleware\\PreventRequestsDuringMaintenance->handle(Object(Illuminate\\Http\\Request), Object(Closure))
#42 E:\\kuliah syahwa\\Semester 4\\Pemogramman Web\\laravel\\belajar-1\\vendor\\laravel\\framework\\src\\Illuminate\\Http\\Middleware\\HandleCors.php(49): Illuminate\\Pipeline\\Pipeline->Illuminate\\Pipeline\\{closure}(Object(Illuminate\\Http\\Request))
#43 E:\\kuliah syahwa\\Semester 4\\Pemogramman Web\\laravel\\belajar-1\\vendor\\laravel\\framework\\src\\Illuminate\\Pipeline\\Pipeline.php(180): Illuminate\\Http\\Middleware\\HandleCors->handle(Object(Illuminate\\Http\\Request), Object(Closure))
#44 E:\\kuliah syahwa\\Semester 4\\Pemogramman Web\\laravel\\belajar-1\\vendor\\laravel\\framework\\src\\Illuminate\\Http\\Middleware\\TrustProxies.php(39): Illuminate\\Pipeline\\Pipeline->Illuminate\\Pipeline\\{closure}(Object(Illuminate\\Http\\Request))
#45 E:\\kuliah syahwa\\Semester 4\\Pemogramman Web\\laravel\\belajar-1\\vendor\\laravel\\framework\\src\\Illuminate\\Pipeline\\Pipeline.php(180): Illuminate\\Http\\Middleware\\TrustProxies->handle(Object(Illuminate\\Http\\Request), Object(Closure))
#46 E:\\kuliah syahwa\\Semester 4\\Pemogramman Web\\laravel\\belajar-1\\vendor\\laravel\\framework\\src\\Illuminate\\Pipeline\\Pipeline.php(116): Illuminate\\Pipeline\\Pipeline->Illuminate\\Pipeline\\{closure}(Object(Illuminate\\Http\\Request))
#47 E:\\kuliah syahwa\\Semester 4\\Pemogramman Web\\laravel\\belajar-1\\vendor\\laravel\\framework\\src\\Illuminate\\Foundation\\Http\\Kernel.php(165): Illuminate\\Pipeline\\Pipeline->then(Object(Closure))
#48 E:\\kuliah syahwa\\Semester 4\\Pemogramman Web\\laravel\\belajar-1\\vendor\\laravel\\framework\\src\\Illuminate\\Foundation\\Http\\Kernel.php(134): Illuminate\\Foundation\\Http\\Kernel->sendRequestThroughRouter(Object(Illuminate\\Http\\Request))
#49 E:\\kuliah syahwa\\Semester 4\\Pemogramman Web\\laravel\\belajar-1\\public\\index.php(51): Illuminate\\Foundation\\Http\\Kernel->handle(Object(Illuminate\\Http\\Request))
#50 E:\\kuliah syahwa\\Semester 4\\Pemogramman Web\\laravel\\belajar-1\\vendor\\laravel\\framework\\src\\Illuminate\\Foundation\\resources\\server.php(16): require_once('E:\\\\kuliah syahw...')
#51 {main}
"} 
[2025-04-28 13:40:27] local.ERROR: syntax error, unexpected end of file {"view":{"view":"E:\\kuliah syahwa\\Semester 4\\Pemogramman Web\\laravel\\belajar-1\\resources\\views\\mahasiswa\\index.blade.php","data":{"errors":"<pre class=sf-dump id=sf-dump-842454419 data-indent-pad=\"  \"><span class=sf-dump-note>Illuminate\\Support\\ViewErrorBag</span> {<a class=sf-dump-ref>#1236</a><samp data-depth=1 class=sf-dump-expanded>
  #<span class=sf-dump-protected title=\"Protected property\">bags</span>: []
</samp>}
</pre><script>Sfdump(\"sf-dump-842454419\", {\"maxDepth\":3,\"maxStringLength\":160})</script>
","mahasiswa":"<pre class=sf-dump id=sf-dump-382595988 data-indent-pad=\"  \"><span class=sf-dump-note>Illuminate\\Database\\Eloquent\\Collection</span> {<a class=sf-dump-ref>#1259</a><samp data-depth=1 class=sf-dump-expanded>
  #<span class=sf-dump-protected title=\"Protected property\">items</span>: []
  #<span class=sf-dump-protected title=\"Protected property\">escapeWhenCastingToString</span>: <span class=sf-dump-const>false</span>
</samp>}
</pre><script>Sfdump(\"sf-dump-382595988\", {\"maxDepth\":3,\"maxStringLength\":160})</script>
"}},"exception":"[object] (Spatie\\LaravelIgnition\\Exceptions\\ViewException(code: 0): syntax error, unexpected end of file at E:\\kuliah syahwa\\Semester 4\\Pemogramman Web\\laravel\\belajar-1\\resources\\views\\mahasiswa\\index.blade.php:28)
[stacktrace]
#0 E:\\kuliah syahwa\\Semester 4\\Pemogramman Web\\laravel\\belajar-1\\vendor\\laravel\\framework\\src\\Illuminate\\Filesystem\\Filesystem.php(110): Illuminate\\Filesystem\\Filesystem::Illuminate\\Filesystem\\{closure}()
#1 E:\\kuliah syahwa\\Semester 4\\Pemogramman Web\\laravel\\belajar-1\\vendor\\laravel\\framework\\src\\Illuminate\\View\\Engines\\PhpEngine.php(58): Illuminate\\Filesystem\\Filesystem->getRequire('E:\\\\kuliah syahw...', Array)
#2 E:\\kuliah syahwa\\Semester 4\\Pemogramman Web\\laravel\\belajar-1\\vendor\\laravel\\framework\\src\\Illuminate\\View\\Engines\\CompilerEngine.php(70): Illuminate\\View\\Engines\\PhpEngine->evaluatePath('E:\\\\kuliah syahw...', Array)
#3 E:\\kuliah syahwa\\Semester 4\\Pemogramman Web\\laravel\\belajar-1\\vendor\\laravel\\framework\\src\\Illuminate\\View\\View.php(195): Illuminate\\View\\Engines\\CompilerEngine->get('E:\\\\kuliah syahw...', Array)
#4 E:\\kuliah syahwa\\Semester 4\\Pemogramman Web\\laravel\\belajar-1\\vendor\\laravel\\framework\\src\\Illuminate\\View\\View.php(178): Illuminate\\View\\View->getContents()
#5 E:\\kuliah syahwa\\Semester 4\\Pemogramman Web\\laravel\\belajar-1\\vendor\\laravel\\framework\\src\\Illuminate\\View\\View.php(147): Illuminate\\View\\View->renderContents()
#6 E:\\kuliah syahwa\\Semester 4\\Pemogramman Web\\laravel\\belajar-1\\vendor\\laravel\\framework\\src\\Illuminate\\Http\\Response.php(69): Illuminate\\View\\View->render()
#7 E:\\kuliah syahwa\\Semester 4\\Pemogramman Web\\laravel\\belajar-1\\vendor\\laravel\\framework\\src\\Illuminate\\Http\\Response.php(35): Illuminate\\Http\\Response->setContent(Object(Illuminate\\View\\View))
#8 E:\\kuliah syahwa\\Semester 4\\Pemogramman Web\\laravel\\belajar-1\\vendor\\laravel\\framework\\src\\Illuminate\\Routing\\Router.php(906): Illuminate\\Http\\Response->__construct(Object(Illuminate\\View\\View), 200, Array)
#9 E:\\kuliah syahwa\\Semester 4\\Pemogramman Web\\laravel\\belajar-1\\vendor\\laravel\\framework\\src\\Illuminate\\Routing\\Router.php(875): Illuminate\\Routing\\Router::toResponse(Object(Illuminate\\Http\\Request), Object(Illuminate\\View\\View))
#10 E:\\kuliah syahwa\\Semester 4\\Pemogramman Web\\laravel\\belajar-1\\vendor\\laravel\\framework\\src\\Illuminate\\Routing\\Router.php(797): Illuminate\\Routing\\Router->prepareResponse(Object(Illuminate\\Http\\Request), Object(Illuminate\\View\\View))
#11 E:\\kuliah syahwa\\Semester 4\\Pemogramman Web\\laravel\\belajar-1\\vendor\\laravel\\framework\\src\\Illuminate\\Pipeline\\Pipeline.php(141): Illuminate\\Routing\\Router->Illuminate\\Routing\\{closure}(Object(Illuminate\\Http\\Request))
#12 E:\\kuliah syahwa\\Semester 4\\Pemogramman Web\\laravel\\belajar-1\\vendor\\laravel\\framework\\src\\Illuminate\\Routing\\Middleware\\SubstituteBindings.php(50): Illuminate\\Pipeline\\Pipeline->Illuminate\\Pipeline\\{closure}(Object(Illuminate\\Http\\Request))
#13 E:\\kuliah syahwa\\Semester 4\\Pemogramman Web\\laravel\\belajar-1\\vendor\\laravel\\framework\\src\\Illuminate\\Pipeline\\Pipeline.php(180): Illuminate\\Routing\\Middleware\\SubstituteBindings->handle(Object(Illuminate\\Http\\Request), Object(Closure))
#14 E:\\kuliah syahwa\\Semester 4\\Pemogramman Web\\laravel\\belajar-1\\vendor\\laravel\\framework\\src\\Illuminate\\Foundation\\Http\\Middleware\\VerifyCsrfToken.php(78): Illuminate\\Pipeline\\Pipeline->Illuminate\\Pipeline\\{closure}(Object(Illuminate\\Http\\Request))
#15 E:\\kuliah syahwa\\Semester 4\\Pemogramman Web\\laravel\\belajar-1\\vendor\\laravel\\framework\\src\\Illuminate\\Pipeline\\Pipeline.php(180): Illuminate\\Foundation\\Http\\Middleware\\VerifyCsrfToken->handle(Object(Illuminate\\Http\\Request), Object(Closure))
#16 E:\\kuliah syahwa\\Semester 4\\Pemogramman Web\\laravel\\belajar-1\\vendor\\laravel\\framework\\src\\Illuminate\\View\\Middleware\\ShareErrorsFromSession.php(49): Illuminate\\Pipeline\\Pipeline->Illuminate\\Pipeline\\{closure}(Object(Illuminate\\Http\\Request))
#17 E:\\kuliah syahwa\\Semester 4\\Pemogramman Web\\laravel\\belajar-1\\vendor\\laravel\\framework\\src\\Illuminate\\Pipeline\\Pipeline.php(180): Illuminate\\View\\Middleware\\ShareErrorsFromSession->handle(Object(Illuminate\\Http\\Request), Object(Closure))
#18 E:\\kuliah syahwa\\Semester 4\\Pemogramman Web\\laravel\\belajar-1\\vendor\\laravel\\framework\\src\\Illuminate\\Session\\Middleware\\StartSession.php(121): Illuminate\\Pipeline\\Pipeline->Illuminate\\Pipeline\\{closure}(Object(Illuminate\\Http\\Request))
#19 E:\\kuliah syahwa\\Semester 4\\Pemogramman Web\\laravel\\belajar-1\\vendor\\laravel\\framework\\src\\Illuminate\\Session\\Middleware\\StartSession.php(64): Illuminate\\Session\\Middleware\\StartSession->handleStatefulRequest(Object(Illuminate\\Http\\Request), Object(Illuminate\\Session\\Store), Object(Closure))
#20 E:\\kuliah syahwa\\Semester 4\\Pemogramman Web\\laravel\\belajar-1\\vendor\\laravel\\framework\\src\\Illuminate\\Pipeline\\Pipeline.php(180): Illuminate\\Session\\Middleware\\StartSession->handle(Object(Illuminate\\Http\\Request), Object(Closure))
#21 E:\\kuliah syahwa\\Semester 4\\Pemogramman Web\\laravel\\belajar-1\\vendor\\laravel\\framework\\src\\Illuminate\\Cookie\\Middleware\\AddQueuedCookiesToResponse.php(37): Illuminate\\Pipeline\\Pipeline->Illuminate\\Pipeline\\{closure}(Object(Illuminate\\Http\\Request))
#22 E:\\kuliah syahwa\\Semester 4\\Pemogramman Web\\laravel\\belajar-1\\vendor\\laravel\\framework\\src\\Illuminate\\Pipeline\\Pipeline.php(180): Illuminate\\Cookie\\Middleware\\AddQueuedCookiesToResponse->handle(Object(Illuminate\\Http\\Request), Object(Closure))
#23 E:\\kuliah syahwa\\Semester 4\\Pemogramman Web\\laravel\\belajar-1\\vendor\\laravel\\framework\\src\\Illuminate\\Cookie\\Middleware\\EncryptCookies.php(67): Illuminate\\Pipeline\\Pipeline->Illuminate\\Pipeline\\{closure}(Object(Illuminate\\Http\\Request))
#24 E:\\kuliah syahwa\\Semester 4\\Pemogramman Web\\laravel\\belajar-1\\vendor\\laravel\\framework\\src\\Illuminate\\Pipeline\\Pipeline.php(180): Illuminate\\Cookie\\Middleware\\EncryptCookies->handle(Object(Illuminate\\Http\\Request), Object(Closure))
#25 E:\\kuliah syahwa\\Semester 4\\Pemogramman Web\\laravel\\belajar-1\\vendor\\laravel\\framework\\src\\Illuminate\\Pipeline\\Pipeline.php(116): Illuminate\\Pipeline\\Pipeline->Illuminate\\Pipeline\\{closure}(Object(Illuminate\\Http\\Request))
#26 E:\\kuliah syahwa\\Semester 4\\Pemogramman Web\\laravel\\belajar-1\\vendor\\laravel\\framework\\src\\Illuminate\\Routing\\Router.php(797): Illuminate\\Pipeline\\Pipeline->then(Object(Closure))
#27 E:\\kuliah syahwa\\Semester 4\\Pemogramman Web\\laravel\\belajar-1\\vendor\\laravel\\framework\\src\\Illuminate\\Routing\\Router.php(776): Illuminate\\Routing\\Router->runRouteWithinStack(Object(Illuminate\\Routing\\Route), Object(Illuminate\\Http\\Request))
#28 E:\\kuliah syahwa\\Semester 4\\Pemogramman Web\\laravel\\belajar-1\\vendor\\laravel\\framework\\src\\Illuminate\\Routing\\Router.php(740): Illuminate\\Routing\\Router->runRoute(Object(Illuminate\\Http\\Request), Object(Illuminate\\Routing\\Route))
#29 E:\\kuliah syahwa\\Semester 4\\Pemogramman Web\\laravel\\belajar-1\\vendor\\laravel\\framework\\src\\Illuminate\\Routing\\Router.php(729): Illuminate\\Routing\\Router->dispatchToRoute(Object(Illuminate\\Http\\Request))
#30 E:\\kuliah syahwa\\Semester 4\\Pemogramman Web\\laravel\\belajar-1\\vendor\\laravel\\framework\\src\\Illuminate\\Foundation\\Http\\Kernel.php(190): Illuminate\\Routing\\Router->dispatch(Object(Illuminate\\Http\\Request))
#31 E:\\kuliah syahwa\\Semester 4\\Pemogramman Web\\laravel\\belajar-1\\vendor\\laravel\\framework\\src\\Illuminate\\Pipeline\\Pipeline.php(141): Illuminate\\Foundation\\Http\\Kernel->Illuminate\\Foundation\\Http\\{closure}(Object(Illuminate\\Http\\Request))
#32 E:\\kuliah syahwa\\Semester 4\\Pemogramman Web\\laravel\\belajar-1\\vendor\\laravel\\framework\\src\\Illuminate\\Foundation\\Http\\Middleware\\TransformsRequest.php(21): Illuminate\\Pipeline\\Pipeline->Illuminate\\Pipeline\\{closure}(Object(Illuminate\\Http\\Request))
#33 E:\\kuliah syahwa\\Semester 4\\Pemogramman Web\\laravel\\belajar-1\\vendor\\laravel\\framework\\src\\Illuminate\\Foundation\\Http\\Middleware\\ConvertEmptyStringsToNull.php(31): Illuminate\\Foundation\\Http\\Middleware\\TransformsRequest->handle(Object(Illuminate\\Http\\Request), Object(Closure))
#34 E:\\kuliah syahwa\\Semester 4\\Pemogramman Web\\laravel\\belajar-1\\vendor\\laravel\\framework\\src\\Illuminate\\Pipeline\\Pipeline.php(180): Illuminate\\Foundation\\Http\\Middleware\\ConvertEmptyStringsToNull->handle(Object(Illuminate\\Http\\Request), Object(Closure))
#35 E:\\kuliah syahwa\\Semester 4\\Pemogramman Web\\laravel\\belajar-1\\vendor\\laravel\\framework\\src\\Illuminate\\Foundation\\Http\\Middleware\\TransformsRequest.php(21): Illuminate\\Pipeline\\Pipeline->Illuminate\\Pipeline\\{closure}(Object(Illuminate\\Http\\Request))
#36 E:\\kuliah syahwa\\Semester 4\\Pemogramman Web\\laravel\\belajar-1\\vendor\\laravel\\framework\\src\\Illuminate\\Foundation\\Http\\Middleware\\TrimStrings.php(40): Illuminate\\Foundation\\Http\\Middleware\\TransformsRequest->handle(Object(Illuminate\\Http\\Request), Object(Closure))
#37 E:\\kuliah syahwa\\Semester 4\\Pemogramman Web\\laravel\\belajar-1\\vendor\\laravel\\framework\\src\\Illuminate\\Pipeline\\Pipeline.php(180): Illuminate\\Foundation\\Http\\Middleware\\TrimStrings->handle(Object(Illuminate\\Http\\Request), Object(Closure))
#38 E:\\kuliah syahwa\\Semester 4\\Pemogramman Web\\laravel\\belajar-1\\vendor\\laravel\\framework\\src\\Illuminate\\Foundation\\Http\\Middleware\\ValidatePostSize.php(27): Illuminate\\Pipeline\\Pipeline->Illuminate\\Pipeline\\{closure}(Object(Illuminate\\Http\\Request))
#39 E:\\kuliah syahwa\\Semester 4\\Pemogramman Web\\laravel\\belajar-1\\vendor\\laravel\\framework\\src\\Illuminate\\Pipeline\\Pipeline.php(180): Illuminate\\Foundation\\Http\\Middleware\\ValidatePostSize->handle(Object(Illuminate\\Http\\Request), Object(Closure))
#40 E:\\kuliah syahwa\\Semester 4\\Pemogramman Web\\laravel\\belajar-1\\vendor\\laravel\\framework\\src\\Illuminate\\Foundation\\Http\\Middleware\\PreventRequestsDuringMaintenance.php(86): Illuminate\\Pipeline\\Pipeline->Illuminate\\Pipeline\\{closure}(Object(Illuminate\\Http\\Request))
#41 E:\\kuliah syahwa\\Semester 4\\Pemogramman Web\\laravel\\belajar-1\\vendor\\laravel\\framework\\src\\Illuminate\\Pipeline\\Pipeline.php(180): Illuminate\\Foundation\\Http\\Middleware\\PreventRequestsDuringMaintenance->handle(Object(Illuminate\\Http\\Request), Object(Closure))
#42 E:\\kuliah syahwa\\Semester 4\\Pemogramman Web\\laravel\\belajar-1\\vendor\\laravel\\framework\\src\\Illuminate\\Http\\Middleware\\HandleCors.php(49): Illuminate\\Pipeline\\Pipeline->Illuminate\\Pipeline\\{closure}(Object(Illuminate\\Http\\Request))
#43 E:\\kuliah syahwa\\Semester 4\\Pemogramman Web\\laravel\\belajar-1\\vendor\\laravel\\framework\\src\\Illuminate\\Pipeline\\Pipeline.php(180): Illuminate\\Http\\Middleware\\HandleCors->handle(Object(Illuminate\\Http\\Request), Object(Closure))
#44 E:\\kuliah syahwa\\Semester 4\\Pemogramman Web\\laravel\\belajar-1\\vendor\\laravel\\framework\\src\\Illuminate\\Http\\Middleware\\TrustProxies.php(39): Illuminate\\Pipeline\\Pipeline->Illuminate\\Pipeline\\{closure}(Object(Illuminate\\Http\\Request))
#45 E:\\kuliah syahwa\\Semester 4\\Pemogramman Web\\laravel\\belajar-1\\vendor\\laravel\\framework\\src\\Illuminate\\Pipeline\\Pipeline.php(180): Illuminate\\Http\\Middleware\\TrustProxies->handle(Object(Illuminate\\Http\\Request), Object(Closure))
#46 E:\\kuliah syahwa\\Semester 4\\Pemogramman Web\\laravel\\belajar-1\\vendor\\laravel\\framework\\src\\Illuminate\\Pipeline\\Pipeline.php(116): Illuminate\\Pipeline\\Pipeline->Illuminate\\Pipeline\\{closure}(Object(Illuminate\\Http\\Request))
#47 E:\\kuliah syahwa\\Semester 4\\Pemogramman Web\\laravel\\belajar-1\\vendor\\laravel\\framework\\src\\Illuminate\\Foundation\\Http\\Kernel.php(165): Illuminate\\Pipeline\\Pipeline->then(Object(Closure))
#48 E:\\kuliah syahwa\\Semester 4\\Pemogramman Web\\laravel\\belajar-1\\vendor\\laravel\\framework\\src\\Illuminate\\Foundation\\Http\\Kernel.php(134): Illuminate\\Foundation\\Http\\Kernel->sendRequestThroughRouter(Object(Illuminate\\Http\\Request))
#49 E:\\kuliah syahwa\\Semester 4\\Pemogramman Web\\laravel\\belajar-1\\public\\index.php(51): Illuminate\\Foundation\\Http\\Kernel->handle(Object(Illuminate\\Http\\Request))
#50 E:\\kuliah syahwa\\Semester 4\\Pemogramman Web\\laravel\\belajar-1\\vendor\\laravel\\framework\\src\\Illuminate\\Foundation\\resources\\server.php(16): require_once('E:\\\\kuliah syahw...')
#51 {main}

[previous exception] [object] (ParseError(code: 0): syntax error, unexpected end of file at E:\\kuliah syahwa\\Semester 4\\Pemogramman Web\\laravel\\belajar-1\\storage\\framework\\views\\c3bb19c2521ae8ae3cf2895fb65cfb5b2969917e.php:41)
[stacktrace]
#0 E:\\kuliah syahwa\\Semester 4\\Pemogramman Web\\laravel\\belajar-1\\vendor\\laravel\\framework\\src\\Illuminate\\Filesystem\\Filesystem.php(110): Illuminate\\Filesystem\\Filesystem::Illuminate\\Filesystem\\{closure}()
#1 E:\\kuliah syahwa\\Semester 4\\Pemogramman Web\\laravel\\belajar-1\\vendor\\laravel\\framework\\src\\Illuminate\\View\\Engines\\PhpEngine.php(58): Illuminate\\Filesystem\\Filesystem->getRequire('E:\\\\kuliah syahw...', Array)
#2 E:\\kuliah syahwa\\Semester 4\\Pemogramman Web\\laravel\\belajar-1\\vendor\\laravel\\framework\\src\\Illuminate\\View\\Engines\\CompilerEngine.php(70): Illuminate\\View\\Engines\\PhpEngine->evaluatePath('E:\\\\kuliah syahw...', Array)
#3 E:\\kuliah syahwa\\Semester 4\\Pemogramman Web\\laravel\\belajar-1\\vendor\\laravel\\framework\\src\\Illuminate\\View\\View.php(195): Illuminate\\View\\Engines\\CompilerEngine->get('E:\\\\kuliah syahw...', Array)
#4 E:\\kuliah syahwa\\Semester 4\\Pemogramman Web\\laravel\\belajar-1\\vendor\\laravel\\framework\\src\\Illuminate\\View\\View.php(178): Illuminate\\View\\View->getContents()
#5 E:\\kuliah syahwa\\Semester 4\\Pemogramman Web\\laravel\\belajar-1\\vendor\\laravel\\framework\\src\\Illuminate\\View\\View.php(147): Illuminate\\View\\View->renderContents()
#6 E:\\kuliah syahwa\\Semester 4\\Pemogramman Web\\laravel\\belajar-1\\vendor\\laravel\\framework\\src\\Illuminate\\Http\\Response.php(69): Illuminate\\View\\View->render()
#7 E:\\kuliah syahwa\\Semester 4\\Pemogramman Web\\laravel\\belajar-1\\vendor\\laravel\\framework\\src\\Illuminate\\Http\\Response.php(35): Illuminate\\Http\\Response->setContent(Object(Illuminate\\View\\View))
#8 E:\\kuliah syahwa\\Semester 4\\Pemogramman Web\\laravel\\belajar-1\\vendor\\laravel\\framework\\src\\Illuminate\\Routing\\Router.php(906): Illuminate\\Http\\Response->__construct(Object(Illuminate\\View\\View), 200, Array)
#9 E:\\kuliah syahwa\\Semester 4\\Pemogramman Web\\laravel\\belajar-1\\vendor\\laravel\\framework\\src\\Illuminate\\Routing\\Router.php(875): Illuminate\\Routing\\Router::toResponse(Object(Illuminate\\Http\\Request), Object(Illuminate\\View\\View))
#10 E:\\kuliah syahwa\\Semester 4\\Pemogramman Web\\laravel\\belajar-1\\vendor\\laravel\\framework\\src\\Illuminate\\Routing\\Router.php(797): Illuminate\\Routing\\Router->prepareResponse(Object(Illuminate\\Http\\Request), Object(Illuminate\\View\\View))
#11 E:\\kuliah syahwa\\Semester 4\\Pemogramman Web\\laravel\\belajar-1\\vendor\\laravel\\framework\\src\\Illuminate\\Pipeline\\Pipeline.php(141): Illuminate\\Routing\\Router->Illuminate\\Routing\\{closure}(Object(Illuminate\\Http\\Request))
#12 E:\\kuliah syahwa\\Semester 4\\Pemogramman Web\\laravel\\belajar-1\\vendor\\laravel\\framework\\src\\Illuminate\\Routing\\Middleware\\SubstituteBindings.php(50): Illuminate\\Pipeline\\Pipeline->Illuminate\\Pipeline\\{closure}(Object(Illuminate\\Http\\Request))
#13 E:\\kuliah syahwa\\Semester 4\\Pemogramman Web\\laravel\\belajar-1\\vendor\\laravel\\framework\\src\\Illuminate\\Pipeline\\Pipeline.php(180): Illuminate\\Routing\\Middleware\\SubstituteBindings->handle(Object(Illuminate\\Http\\Request), Object(Closure))
#14 E:\\kuliah syahwa\\Semester 4\\Pemogramman Web\\laravel\\belajar-1\\vendor\\laravel\\framework\\src\\Illuminate\\Foundation\\Http\\Middleware\\VerifyCsrfToken.php(78): Illuminate\\Pipeline\\Pipeline->Illuminate\\Pipeline\\{closure}(Object(Illuminate\\Http\\Request))
#15 E:\\kuliah syahwa\\Semester 4\\Pemogramman Web\\laravel\\belajar-1\\vendor\\laravel\\framework\\src\\Illuminate\\Pipeline\\Pipeline.php(180): Illuminate\\Foundation\\Http\\Middleware\\VerifyCsrfToken->handle(Object(Illuminate\\Http\\Request), Object(Closure))
#16 E:\\kuliah syahwa\\Semester 4\\Pemogramman Web\\laravel\\belajar-1\\vendor\\laravel\\framework\\src\\Illuminate\\View\\Middleware\\ShareErrorsFromSession.php(49): Illuminate\\Pipeline\\Pipeline->Illuminate\\Pipeline\\{closure}(Object(Illuminate\\Http\\Request))
#17 E:\\kuliah syahwa\\Semester 4\\Pemogramman Web\\laravel\\belajar-1\\vendor\\laravel\\framework\\src\\Illuminate\\Pipeline\\Pipeline.php(180): Illuminate\\View\\Middleware\\ShareErrorsFromSession->handle(Object(Illuminate\\Http\\Request), Object(Closure))
#18 E:\\kuliah syahwa\\Semester 4\\Pemogramman Web\\laravel\\belajar-1\\vendor\\laravel\\framework\\src\\Illuminate\\Session\\Middleware\\StartSession.php(121): Illuminate\\Pipeline\\Pipeline->Illuminate\\Pipeline\\{closure}(Object(Illuminate\\Http\\Request))
#19 E:\\kuliah syahwa\\Semester 4\\Pemogramman Web\\laravel\\belajar-1\\vendor\\laravel\\framework\\src\\Illuminate\\Session\\Middleware\\StartSession.php(64): Illuminate\\Session\\Middleware\\StartSession->handleStatefulRequest(Object(Illuminate\\Http\\Request), Object(Illuminate\\Session\\Store), Object(Closure))
#20 E:\\kuliah syahwa\\Semester 4\\Pemogramman Web\\laravel\\belajar-1\\vendor\\laravel\\framework\\src\\Illuminate\\Pipeline\\Pipeline.php(180): Illuminate\\Session\\Middleware\\StartSession->handle(Object(Illuminate\\Http\\Request), Object(Closure))
#21 E:\\kuliah syahwa\\Semester 4\\Pemogramman Web\\laravel\\belajar-1\\vendor\\laravel\\framework\\src\\Illuminate\\Cookie\\Middleware\\AddQueuedCookiesToResponse.php(37): Illuminate\\Pipeline\\Pipeline->Illuminate\\Pipeline\\{closure}(Object(Illuminate\\Http\\Request))
#22 E:\\kuliah syahwa\\Semester 4\\Pemogramman Web\\laravel\\belajar-1\\vendor\\laravel\\framework\\src\\Illuminate\\Pipeline\\Pipeline.php(180): Illuminate\\Cookie\\Middleware\\AddQueuedCookiesToResponse->handle(Object(Illuminate\\Http\\Request), Object(Closure))
#23 E:\\kuliah syahwa\\Semester 4\\Pemogramman Web\\laravel\\belajar-1\\vendor\\laravel\\framework\\src\\Illuminate\\Cookie\\Middleware\\EncryptCookies.php(67): Illuminate\\Pipeline\\Pipeline->Illuminate\\Pipeline\\{closure}(Object(Illuminate\\Http\\Request))
#24 E:\\kuliah syahwa\\Semester 4\\Pemogramman Web\\laravel\\belajar-1\\vendor\\laravel\\framework\\src\\Illuminate\\Pipeline\\Pipeline.php(180): Illuminate\\Cookie\\Middleware\\EncryptCookies->handle(Object(Illuminate\\Http\\Request), Object(Closure))
#25 E:\\kuliah syahwa\\Semester 4\\Pemogramman Web\\laravel\\belajar-1\\vendor\\laravel\\framework\\src\\Illuminate\\Pipeline\\Pipeline.php(116): Illuminate\\Pipeline\\Pipeline->Illuminate\\Pipeline\\{closure}(Object(Illuminate\\Http\\Request))
#26 E:\\kuliah syahwa\\Semester 4\\Pemogramman Web\\laravel\\belajar-1\\vendor\\laravel\\framework\\src\\Illuminate\\Routing\\Router.php(797): Illuminate\\Pipeline\\Pipeline->then(Object(Closure))
#27 E:\\kuliah syahwa\\Semester 4\\Pemogramman Web\\laravel\\belajar-1\\vendor\\laravel\\framework\\src\\Illuminate\\Routing\\Router.php(776): Illuminate\\Routing\\Router->runRouteWithinStack(Object(Illuminate\\Routing\\Route), Object(Illuminate\\Http\\Request))
#28 E:\\kuliah syahwa\\Semester 4\\Pemogramman Web\\laravel\\belajar-1\\vendor\\laravel\\framework\\src\\Illuminate\\Routing\\Router.php(740): Illuminate\\Routing\\Router->runRoute(Object(Illuminate\\Http\\Request), Object(Illuminate\\Routing\\Route))
#29 E:\\kuliah syahwa\\Semester 4\\Pemogramman Web\\laravel\\belajar-1\\vendor\\laravel\\framework\\src\\Illuminate\\Routing\\Router.php(729): Illuminate\\Routing\\Router->dispatchToRoute(Object(Illuminate\\Http\\Request))
#30 E:\\kuliah syahwa\\Semester 4\\Pemogramman Web\\laravel\\belajar-1\\vendor\\laravel\\framework\\src\\Illuminate\\Foundation\\Http\\Kernel.php(190): Illuminate\\Routing\\Router->dispatch(Object(Illuminate\\Http\\Request))
#31 E:\\kuliah syahwa\\Semester 4\\Pemogramman Web\\laravel\\belajar-1\\vendor\\laravel\\framework\\src\\Illuminate\\Pipeline\\Pipeline.php(141): Illuminate\\Foundation\\Http\\Kernel->Illuminate\\Foundation\\Http\\{closure}(Object(Illuminate\\Http\\Request))
#32 E:\\kuliah syahwa\\Semester 4\\Pemogramman Web\\laravel\\belajar-1\\vendor\\laravel\\framework\\src\\Illuminate\\Foundation\\Http\\Middleware\\TransformsRequest.php(21): Illuminate\\Pipeline\\Pipeline->Illuminate\\Pipeline\\{closure}(Object(Illuminate\\Http\\Request))
#33 E:\\kuliah syahwa\\Semester 4\\Pemogramman Web\\laravel\\belajar-1\\vendor\\laravel\\framework\\src\\Illuminate\\Foundation\\Http\\Middleware\\ConvertEmptyStringsToNull.php(31): Illuminate\\Foundation\\Http\\Middleware\\TransformsRequest->handle(Object(Illuminate\\Http\\Request), Object(Closure))
#34 E:\\kuliah syahwa\\Semester 4\\Pemogramman Web\\laravel\\belajar-1\\vendor\\laravel\\framework\\src\\Illuminate\\Pipeline\\Pipeline.php(180): Illuminate\\Foundation\\Http\\Middleware\\ConvertEmptyStringsToNull->handle(Object(Illuminate\\Http\\Request), Object(Closure))
#35 E:\\kuliah syahwa\\Semester 4\\Pemogramman Web\\laravel\\belajar-1\\vendor\\laravel\\framework\\src\\Illuminate\\Foundation\\Http\\Middleware\\TransformsRequest.php(21): Illuminate\\Pipeline\\Pipeline->Illuminate\\Pipeline\\{closure}(Object(Illuminate\\Http\\Request))
#36 E:\\kuliah syahwa\\Semester 4\\Pemogramman Web\\laravel\\belajar-1\\vendor\\laravel\\framework\\src\\Illuminate\\Foundation\\Http\\Middleware\\TrimStrings.php(40): Illuminate\\Foundation\\Http\\Middleware\\TransformsRequest->handle(Object(Illuminate\\Http\\Request), Object(Closure))
#37 E:\\kuliah syahwa\\Semester 4\\Pemogramman Web\\laravel\\belajar-1\\vendor\\laravel\\framework\\src\\Illuminate\\Pipeline\\Pipeline.php(180): Illuminate\\Foundation\\Http\\Middleware\\TrimStrings->handle(Object(Illuminate\\Http\\Request), Object(Closure))
#38 E:\\kuliah syahwa\\Semester 4\\Pemogramman Web\\laravel\\belajar-1\\vendor\\laravel\\framework\\src\\Illuminate\\Foundation\\Http\\Middleware\\ValidatePostSize.php(27): Illuminate\\Pipeline\\Pipeline->Illuminate\\Pipeline\\{closure}(Object(Illuminate\\Http\\Request))
#39 E:\\kuliah syahwa\\Semester 4\\Pemogramman Web\\laravel\\belajar-1\\vendor\\laravel\\framework\\src\\Illuminate\\Pipeline\\Pipeline.php(180): Illuminate\\Foundation\\Http\\Middleware\\ValidatePostSize->handle(Object(Illuminate\\Http\\Request), Object(Closure))
#40 E:\\kuliah syahwa\\Semester 4\\Pemogramman Web\\laravel\\belajar-1\\vendor\\laravel\\framework\\src\\Illuminate\\Foundation\\Http\\Middleware\\PreventRequestsDuringMaintenance.php(86): Illuminate\\Pipeline\\Pipeline->Illuminate\\Pipeline\\{closure}(Object(Illuminate\\Http\\Request))
#41 E:\\kuliah syahwa\\Semester 4\\Pemogramman Web\\laravel\\belajar-1\\vendor\\laravel\\framework\\src\\Illuminate\\Pipeline\\Pipeline.php(180): Illuminate\\Foundation\\Http\\Middleware\\PreventRequestsDuringMaintenance->handle(Object(Illuminate\\Http\\Request), Object(Closure))
#42 E:\\kuliah syahwa\\Semester 4\\Pemogramman Web\\laravel\\belajar-1\\vendor\\laravel\\framework\\src\\Illuminate\\Http\\Middleware\\HandleCors.php(49): Illuminate\\Pipeline\\Pipeline->Illuminate\\Pipeline\\{closure}(Object(Illuminate\\Http\\Request))
#43 E:\\kuliah syahwa\\Semester 4\\Pemogramman Web\\laravel\\belajar-1\\vendor\\laravel\\framework\\src\\Illuminate\\Pipeline\\Pipeline.php(180): Illuminate\\Http\\Middleware\\HandleCors->handle(Object(Illuminate\\Http\\Request), Object(Closure))
#44 E:\\kuliah syahwa\\Semester 4\\Pemogramman Web\\laravel\\belajar-1\\vendor\\laravel\\framework\\src\\Illuminate\\Http\\Middleware\\TrustProxies.php(39): Illuminate\\Pipeline\\Pipeline->Illuminate\\Pipeline\\{closure}(Object(Illuminate\\Http\\Request))
#45 E:\\kuliah syahwa\\Semester 4\\Pemogramman Web\\laravel\\belajar-1\\vendor\\laravel\\framework\\src\\Illuminate\\Pipeline\\Pipeline.php(180): Illuminate\\Http\\Middleware\\TrustProxies->handle(Object(Illuminate\\Http\\Request), Object(Closure))
#46 E:\\kuliah syahwa\\Semester 4\\Pemogramman Web\\laravel\\belajar-1\\vendor\\laravel\\framework\\src\\Illuminate\\Pipeline\\Pipeline.php(116): Illuminate\\Pipeline\\Pipeline->Illuminate\\Pipeline\\{closure}(Object(Illuminate\\Http\\Request))
#47 E:\\kuliah syahwa\\Semester 4\\Pemogramman Web\\laravel\\belajar-1\\vendor\\laravel\\framework\\src\\Illuminate\\Foundation\\Http\\Kernel.php(165): Illuminate\\Pipeline\\Pipeline->then(Object(Closure))
#48 E:\\kuliah syahwa\\Semester 4\\Pemogramman Web\\laravel\\belajar-1\\vendor\\laravel\\framework\\src\\Illuminate\\Foundation\\Http\\Kernel.php(134): Illuminate\\Foundation\\Http\\Kernel->sendRequestThroughRouter(Object(Illuminate\\Http\\Request))
#49 E:\\kuliah syahwa\\Semester 4\\Pemogramman Web\\laravel\\belajar-1\\public\\index.php(51): Illuminate\\Foundation\\Http\\Kernel->handle(Object(Illuminate\\Http\\Request))
#50 E:\\kuliah syahwa\\Semester 4\\Pemogramman Web\\laravel\\belajar-1\\vendor\\laravel\\framework\\src\\Illuminate\\Foundation\\resources\\server.php(16): require_once('E:\\\\kuliah syahw...')
#51 {main}
"} 
[2025-04-28 13:43:54] local.ERROR: syntax error, unexpected end of file {"view":{"view":"E:\\kuliah syahwa\\Semester 4\\Pemogramman Web\\laravel\\belajar-1\\resources\\views\\mahasiswa\\index.blade.php","data":{"errors":"<pre class=sf-dump id=sf-dump-666146145 data-indent-pad=\"  \"><span class=sf-dump-note>Illuminate\\Support\\ViewErrorBag</span> {<a class=sf-dump-ref>#1236</a><samp data-depth=1 class=sf-dump-expanded>
  #<span class=sf-dump-protected title=\"Protected property\">bags</span>: []
</samp>}
</pre><script>Sfdump(\"sf-dump-666146145\", {\"maxDepth\":3,\"maxStringLength\":160})</script>
","mahasiswa":"<pre class=sf-dump id=sf-dump-1855181815 data-indent-pad=\"  \"><span class=sf-dump-note>Illuminate\\Database\\Eloquent\\Collection</span> {<a class=sf-dump-ref>#1259</a><samp data-depth=1 class=sf-dump-expanded>
  #<span class=sf-dump-protected title=\"Protected property\">items</span>: []
  #<span class=sf-dump-protected title=\"Protected property\">escapeWhenCastingToString</span>: <span class=sf-dump-const>false</span>
</samp>}
</pre><script>Sfdump(\"sf-dump-1855181815\", {\"maxDepth\":3,\"maxStringLength\":160})</script>
"}},"exception":"[object] (Spatie\\LaravelIgnition\\Exceptions\\ViewException(code: 0): syntax error, unexpected end of file at E:\\kuliah syahwa\\Semester 4\\Pemogramman Web\\laravel\\belajar-1\\resources\\views\\mahasiswa\\index.blade.php:28)
[stacktrace]
#0 E:\\kuliah syahwa\\Semester 4\\Pemogramman Web\\laravel\\belajar-1\\vendor\\laravel\\framework\\src\\Illuminate\\Filesystem\\Filesystem.php(110): Illuminate\\Filesystem\\Filesystem::Illuminate\\Filesystem\\{closure}()
#1 E:\\kuliah syahwa\\Semester 4\\Pemogramman Web\\laravel\\belajar-1\\vendor\\laravel\\framework\\src\\Illuminate\\View\\Engines\\PhpEngine.php(58): Illuminate\\Filesystem\\Filesystem->getRequire('E:\\\\kuliah syahw...', Array)
#2 E:\\kuliah syahwa\\Semester 4\\Pemogramman Web\\laravel\\belajar-1\\vendor\\laravel\\framework\\src\\Illuminate\\View\\Engines\\CompilerEngine.php(70): Illuminate\\View\\Engines\\PhpEngine->evaluatePath('E:\\\\kuliah syahw...', Array)
#3 E:\\kuliah syahwa\\Semester 4\\Pemogramman Web\\laravel\\belajar-1\\vendor\\laravel\\framework\\src\\Illuminate\\View\\View.php(195): Illuminate\\View\\Engines\\CompilerEngine->get('E:\\\\kuliah syahw...', Array)
#4 E:\\kuliah syahwa\\Semester 4\\Pemogramman Web\\laravel\\belajar-1\\vendor\\laravel\\framework\\src\\Illuminate\\View\\View.php(178): Illuminate\\View\\View->getContents()
#5 E:\\kuliah syahwa\\Semester 4\\Pemogramman Web\\laravel\\belajar-1\\vendor\\laravel\\framework\\src\\Illuminate\\View\\View.php(147): Illuminate\\View\\View->renderContents()
#6 E:\\kuliah syahwa\\Semester 4\\Pemogramman Web\\laravel\\belajar-1\\vendor\\laravel\\framework\\src\\Illuminate\\Http\\Response.php(69): Illuminate\\View\\View->render()
#7 E:\\kuliah syahwa\\Semester 4\\Pemogramman Web\\laravel\\belajar-1\\vendor\\laravel\\framework\\src\\Illuminate\\Http\\Response.php(35): Illuminate\\Http\\Response->setContent(Object(Illuminate\\View\\View))
#8 E:\\kuliah syahwa\\Semester 4\\Pemogramman Web\\laravel\\belajar-1\\vendor\\laravel\\framework\\src\\Illuminate\\Routing\\Router.php(906): Illuminate\\Http\\Response->__construct(Object(Illuminate\\View\\View), 200, Array)
#9 E:\\kuliah syahwa\\Semester 4\\Pemogramman Web\\laravel\\belajar-1\\vendor\\laravel\\framework\\src\\Illuminate\\Routing\\Router.php(875): Illuminate\\Routing\\Router::toResponse(Object(Illuminate\\Http\\Request), Object(Illuminate\\View\\View))
#10 E:\\kuliah syahwa\\Semester 4\\Pemogramman Web\\laravel\\belajar-1\\vendor\\laravel\\framework\\src\\Illuminate\\Routing\\Router.php(797): Illuminate\\Routing\\Router->prepareResponse(Object(Illuminate\\Http\\Request), Object(Illuminate\\View\\View))
#11 E:\\kuliah syahwa\\Semester 4\\Pemogramman Web\\laravel\\belajar-1\\vendor\\laravel\\framework\\src\\Illuminate\\Pipeline\\Pipeline.php(141): Illuminate\\Routing\\Router->Illuminate\\Routing\\{closure}(Object(Illuminate\\Http\\Request))
#12 E:\\kuliah syahwa\\Semester 4\\Pemogramman Web\\laravel\\belajar-1\\vendor\\laravel\\framework\\src\\Illuminate\\Routing\\Middleware\\SubstituteBindings.php(50): Illuminate\\Pipeline\\Pipeline->Illuminate\\Pipeline\\{closure}(Object(Illuminate\\Http\\Request))
#13 E:\\kuliah syahwa\\Semester 4\\Pemogramman Web\\laravel\\belajar-1\\vendor\\laravel\\framework\\src\\Illuminate\\Pipeline\\Pipeline.php(180): Illuminate\\Routing\\Middleware\\SubstituteBindings->handle(Object(Illuminate\\Http\\Request), Object(Closure))
#14 E:\\kuliah syahwa\\Semester 4\\Pemogramman Web\\laravel\\belajar-1\\vendor\\laravel\\framework\\src\\Illuminate\\Foundation\\Http\\Middleware\\VerifyCsrfToken.php(78): Illuminate\\Pipeline\\Pipeline->Illuminate\\Pipeline\\{closure}(Object(Illuminate\\Http\\Request))
#15 E:\\kuliah syahwa\\Semester 4\\Pemogramman Web\\laravel\\belajar-1\\vendor\\laravel\\framework\\src\\Illuminate\\Pipeline\\Pipeline.php(180): Illuminate\\Foundation\\Http\\Middleware\\VerifyCsrfToken->handle(Object(Illuminate\\Http\\Request), Object(Closure))
#16 E:\\kuliah syahwa\\Semester 4\\Pemogramman Web\\laravel\\belajar-1\\vendor\\laravel\\framework\\src\\Illuminate\\View\\Middleware\\ShareErrorsFromSession.php(49): Illuminate\\Pipeline\\Pipeline->Illuminate\\Pipeline\\{closure}(Object(Illuminate\\Http\\Request))
#17 E:\\kuliah syahwa\\Semester 4\\Pemogramman Web\\laravel\\belajar-1\\vendor\\laravel\\framework\\src\\Illuminate\\Pipeline\\Pipeline.php(180): Illuminate\\View\\Middleware\\ShareErrorsFromSession->handle(Object(Illuminate\\Http\\Request), Object(Closure))
#18 E:\\kuliah syahwa\\Semester 4\\Pemogramman Web\\laravel\\belajar-1\\vendor\\laravel\\framework\\src\\Illuminate\\Session\\Middleware\\StartSession.php(121): Illuminate\\Pipeline\\Pipeline->Illuminate\\Pipeline\\{closure}(Object(Illuminate\\Http\\Request))
#19 E:\\kuliah syahwa\\Semester 4\\Pemogramman Web\\laravel\\belajar-1\\vendor\\laravel\\framework\\src\\Illuminate\\Session\\Middleware\\StartSession.php(64): Illuminate\\Session\\Middleware\\StartSession->handleStatefulRequest(Object(Illuminate\\Http\\Request), Object(Illuminate\\Session\\Store), Object(Closure))
#20 E:\\kuliah syahwa\\Semester 4\\Pemogramman Web\\laravel\\belajar-1\\vendor\\laravel\\framework\\src\\Illuminate\\Pipeline\\Pipeline.php(180): Illuminate\\Session\\Middleware\\StartSession->handle(Object(Illuminate\\Http\\Request), Object(Closure))
#21 E:\\kuliah syahwa\\Semester 4\\Pemogramman Web\\laravel\\belajar-1\\vendor\\laravel\\framework\\src\\Illuminate\\Cookie\\Middleware\\AddQueuedCookiesToResponse.php(37): Illuminate\\Pipeline\\Pipeline->Illuminate\\Pipeline\\{closure}(Object(Illuminate\\Http\\Request))
#22 E:\\kuliah syahwa\\Semester 4\\Pemogramman Web\\laravel\\belajar-1\\vendor\\laravel\\framework\\src\\Illuminate\\Pipeline\\Pipeline.php(180): Illuminate\\Cookie\\Middleware\\AddQueuedCookiesToResponse->handle(Object(Illuminate\\Http\\Request), Object(Closure))
#23 E:\\kuliah syahwa\\Semester 4\\Pemogramman Web\\laravel\\belajar-1\\vendor\\laravel\\framework\\src\\Illuminate\\Cookie\\Middleware\\EncryptCookies.php(67): Illuminate\\Pipeline\\Pipeline->Illuminate\\Pipeline\\{closure}(Object(Illuminate\\Http\\Request))
#24 E:\\kuliah syahwa\\Semester 4\\Pemogramman Web\\laravel\\belajar-1\\vendor\\laravel\\framework\\src\\Illuminate\\Pipeline\\Pipeline.php(180): Illuminate\\Cookie\\Middleware\\EncryptCookies->handle(Object(Illuminate\\Http\\Request), Object(Closure))
#25 E:\\kuliah syahwa\\Semester 4\\Pemogramman Web\\laravel\\belajar-1\\vendor\\laravel\\framework\\src\\Illuminate\\Pipeline\\Pipeline.php(116): Illuminate\\Pipeline\\Pipeline->Illuminate\\Pipeline\\{closure}(Object(Illuminate\\Http\\Request))
#26 E:\\kuliah syahwa\\Semester 4\\Pemogramman Web\\laravel\\belajar-1\\vendor\\laravel\\framework\\src\\Illuminate\\Routing\\Router.php(797): Illuminate\\Pipeline\\Pipeline->then(Object(Closure))
#27 E:\\kuliah syahwa\\Semester 4\\Pemogramman Web\\laravel\\belajar-1\\vendor\\laravel\\framework\\src\\Illuminate\\Routing\\Router.php(776): Illuminate\\Routing\\Router->runRouteWithinStack(Object(Illuminate\\Routing\\Route), Object(Illuminate\\Http\\Request))
#28 E:\\kuliah syahwa\\Semester 4\\Pemogramman Web\\laravel\\belajar-1\\vendor\\laravel\\framework\\src\\Illuminate\\Routing\\Router.php(740): Illuminate\\Routing\\Router->runRoute(Object(Illuminate\\Http\\Request), Object(Illuminate\\Routing\\Route))
#29 E:\\kuliah syahwa\\Semester 4\\Pemogramman Web\\laravel\\belajar-1\\vendor\\laravel\\framework\\src\\Illuminate\\Routing\\Router.php(729): Illuminate\\Routing\\Router->dispatchToRoute(Object(Illuminate\\Http\\Request))
#30 E:\\kuliah syahwa\\Semester 4\\Pemogramman Web\\laravel\\belajar-1\\vendor\\laravel\\framework\\src\\Illuminate\\Foundation\\Http\\Kernel.php(190): Illuminate\\Routing\\Router->dispatch(Object(Illuminate\\Http\\Request))
#31 E:\\kuliah syahwa\\Semester 4\\Pemogramman Web\\laravel\\belajar-1\\vendor\\laravel\\framework\\src\\Illuminate\\Pipeline\\Pipeline.php(141): Illuminate\\Foundation\\Http\\Kernel->Illuminate\\Foundation\\Http\\{closure}(Object(Illuminate\\Http\\Request))
#32 E:\\kuliah syahwa\\Semester 4\\Pemogramman Web\\laravel\\belajar-1\\vendor\\laravel\\framework\\src\\Illuminate\\Foundation\\Http\\Middleware\\TransformsRequest.php(21): Illuminate\\Pipeline\\Pipeline->Illuminate\\Pipeline\\{closure}(Object(Illuminate\\Http\\Request))
#33 E:\\kuliah syahwa\\Semester 4\\Pemogramman Web\\laravel\\belajar-1\\vendor\\laravel\\framework\\src\\Illuminate\\Foundation\\Http\\Middleware\\ConvertEmptyStringsToNull.php(31): Illuminate\\Foundation\\Http\\Middleware\\TransformsRequest->handle(Object(Illuminate\\Http\\Request), Object(Closure))
#34 E:\\kuliah syahwa\\Semester 4\\Pemogramman Web\\laravel\\belajar-1\\vendor\\laravel\\framework\\src\\Illuminate\\Pipeline\\Pipeline.php(180): Illuminate\\Foundation\\Http\\Middleware\\ConvertEmptyStringsToNull->handle(Object(Illuminate\\Http\\Request), Object(Closure))
#35 E:\\kuliah syahwa\\Semester 4\\Pemogramman Web\\laravel\\belajar-1\\vendor\\laravel\\framework\\src\\Illuminate\\Foundation\\Http\\Middleware\\TransformsRequest.php(21): Illuminate\\Pipeline\\Pipeline->Illuminate\\Pipeline\\{closure}(Object(Illuminate\\Http\\Request))
#36 E:\\kuliah syahwa\\Semester 4\\Pemogramman Web\\laravel\\belajar-1\\vendor\\laravel\\framework\\src\\Illuminate\\Foundation\\Http\\Middleware\\TrimStrings.php(40): Illuminate\\Foundation\\Http\\Middleware\\TransformsRequest->handle(Object(Illuminate\\Http\\Request), Object(Closure))
#37 E:\\kuliah syahwa\\Semester 4\\Pemogramman Web\\laravel\\belajar-1\\vendor\\laravel\\framework\\src\\Illuminate\\Pipeline\\Pipeline.php(180): Illuminate\\Foundation\\Http\\Middleware\\TrimStrings->handle(Object(Illuminate\\Http\\Request), Object(Closure))
#38 E:\\kuliah syahwa\\Semester 4\\Pemogramman Web\\laravel\\belajar-1\\vendor\\laravel\\framework\\src\\Illuminate\\Foundation\\Http\\Middleware\\ValidatePostSize.php(27): Illuminate\\Pipeline\\Pipeline->Illuminate\\Pipeline\\{closure}(Object(Illuminate\\Http\\Request))
#39 E:\\kuliah syahwa\\Semester 4\\Pemogramman Web\\laravel\\belajar-1\\vendor\\laravel\\framework\\src\\Illuminate\\Pipeline\\Pipeline.php(180): Illuminate\\Foundation\\Http\\Middleware\\ValidatePostSize->handle(Object(Illuminate\\Http\\Request), Object(Closure))
#40 E:\\kuliah syahwa\\Semester 4\\Pemogramman Web\\laravel\\belajar-1\\vendor\\laravel\\framework\\src\\Illuminate\\Foundation\\Http\\Middleware\\PreventRequestsDuringMaintenance.php(86): Illuminate\\Pipeline\\Pipeline->Illuminate\\Pipeline\\{closure}(Object(Illuminate\\Http\\Request))
#41 E:\\kuliah syahwa\\Semester 4\\Pemogramman Web\\laravel\\belajar-1\\vendor\\laravel\\framework\\src\\Illuminate\\Pipeline\\Pipeline.php(180): Illuminate\\Foundation\\Http\\Middleware\\PreventRequestsDuringMaintenance->handle(Object(Illuminate\\Http\\Request), Object(Closure))
#42 E:\\kuliah syahwa\\Semester 4\\Pemogramman Web\\laravel\\belajar-1\\vendor\\laravel\\framework\\src\\Illuminate\\Http\\Middleware\\HandleCors.php(49): Illuminate\\Pipeline\\Pipeline->Illuminate\\Pipeline\\{closure}(Object(Illuminate\\Http\\Request))
#43 E:\\kuliah syahwa\\Semester 4\\Pemogramman Web\\laravel\\belajar-1\\vendor\\laravel\\framework\\src\\Illuminate\\Pipeline\\Pipeline.php(180): Illuminate\\Http\\Middleware\\HandleCors->handle(Object(Illuminate\\Http\\Request), Object(Closure))
#44 E:\\kuliah syahwa\\Semester 4\\Pemogramman Web\\laravel\\belajar-1\\vendor\\laravel\\framework\\src\\Illuminate\\Http\\Middleware\\TrustProxies.php(39): Illuminate\\Pipeline\\Pipeline->Illuminate\\Pipeline\\{closure}(Object(Illuminate\\Http\\Request))
#45 E:\\kuliah syahwa\\Semester 4\\Pemogramman Web\\laravel\\belajar-1\\vendor\\laravel\\framework\\src\\Illuminate\\Pipeline\\Pipeline.php(180): Illuminate\\Http\\Middleware\\TrustProxies->handle(Object(Illuminate\\Http\\Request), Object(Closure))
#46 E:\\kuliah syahwa\\Semester 4\\Pemogramman Web\\laravel\\belajar-1\\vendor\\laravel\\framework\\src\\Illuminate\\Pipeline\\Pipeline.php(116): Illuminate\\Pipeline\\Pipeline->Illuminate\\Pipeline\\{closure}(Object(Illuminate\\Http\\Request))
#47 E:\\kuliah syahwa\\Semester 4\\Pemogramman Web\\laravel\\belajar-1\\vendor\\laravel\\framework\\src\\Illuminate\\Foundation\\Http\\Kernel.php(165): Illuminate\\Pipeline\\Pipeline->then(Object(Closure))
#48 E:\\kuliah syahwa\\Semester 4\\Pemogramman Web\\laravel\\belajar-1\\vendor\\laravel\\framework\\src\\Illuminate\\Foundation\\Http\\Kernel.php(134): Illuminate\\Foundation\\Http\\Kernel->sendRequestThroughRouter(Object(Illuminate\\Http\\Request))
#49 E:\\kuliah syahwa\\Semester 4\\Pemogramman Web\\laravel\\belajar-1\\public\\index.php(51): Illuminate\\Foundation\\Http\\Kernel->handle(Object(Illuminate\\Http\\Request))
#50 E:\\kuliah syahwa\\Semester 4\\Pemogramman Web\\laravel\\belajar-1\\vendor\\laravel\\framework\\src\\Illuminate\\Foundation\\resources\\server.php(16): require_once('E:\\\\kuliah syahw...')
#51 {main}

[previous exception] [object] (ParseError(code: 0): syntax error, unexpected end of file at E:\\kuliah syahwa\\Semester 4\\Pemogramman Web\\laravel\\belajar-1\\storage\\framework\\views\\c3bb19c2521ae8ae3cf2895fb65cfb5b2969917e.php:41)
[stacktrace]
#0 E:\\kuliah syahwa\\Semester 4\\Pemogramman Web\\laravel\\belajar-1\\vendor\\laravel\\framework\\src\\Illuminate\\Filesystem\\Filesystem.php(110): Illuminate\\Filesystem\\Filesystem::Illuminate\\Filesystem\\{closure}()
#1 E:\\kuliah syahwa\\Semester 4\\Pemogramman Web\\laravel\\belajar-1\\vendor\\laravel\\framework\\src\\Illuminate\\View\\Engines\\PhpEngine.php(58): Illuminate\\Filesystem\\Filesystem->getRequire('E:\\\\kuliah syahw...', Array)
#2 E:\\kuliah syahwa\\Semester 4\\Pemogramman Web\\laravel\\belajar-1\\vendor\\laravel\\framework\\src\\Illuminate\\View\\Engines\\CompilerEngine.php(70): Illuminate\\View\\Engines\\PhpEngine->evaluatePath('E:\\\\kuliah syahw...', Array)
#3 E:\\kuliah syahwa\\Semester 4\\Pemogramman Web\\laravel\\belajar-1\\vendor\\laravel\\framework\\src\\Illuminate\\View\\View.php(195): Illuminate\\View\\Engines\\CompilerEngine->get('E:\\\\kuliah syahw...', Array)
#4 E:\\kuliah syahwa\\Semester 4\\Pemogramman Web\\laravel\\belajar-1\\vendor\\laravel\\framework\\src\\Illuminate\\View\\View.php(178): Illuminate\\View\\View->getContents()
#5 E:\\kuliah syahwa\\Semester 4\\Pemogramman Web\\laravel\\belajar-1\\vendor\\laravel\\framework\\src\\Illuminate\\View\\View.php(147): Illuminate\\View\\View->renderContents()
#6 E:\\kuliah syahwa\\Semester 4\\Pemogramman Web\\laravel\\belajar-1\\vendor\\laravel\\framework\\src\\Illuminate\\Http\\Response.php(69): Illuminate\\View\\View->render()
#7 E:\\kuliah syahwa\\Semester 4\\Pemogramman Web\\laravel\\belajar-1\\vendor\\laravel\\framework\\src\\Illuminate\\Http\\Response.php(35): Illuminate\\Http\\Response->setContent(Object(Illuminate\\View\\View))
#8 E:\\kuliah syahwa\\Semester 4\\Pemogramman Web\\laravel\\belajar-1\\vendor\\laravel\\framework\\src\\Illuminate\\Routing\\Router.php(906): Illuminate\\Http\\Response->__construct(Object(Illuminate\\View\\View), 200, Array)
#9 E:\\kuliah syahwa\\Semester 4\\Pemogramman Web\\laravel\\belajar-1\\vendor\\laravel\\framework\\src\\Illuminate\\Routing\\Router.php(875): Illuminate\\Routing\\Router::toResponse(Object(Illuminate\\Http\\Request), Object(Illuminate\\View\\View))
#10 E:\\kuliah syahwa\\Semester 4\\Pemogramman Web\\laravel\\belajar-1\\vendor\\laravel\\framework\\src\\Illuminate\\Routing\\Router.php(797): Illuminate\\Routing\\Router->prepareResponse(Object(Illuminate\\Http\\Request), Object(Illuminate\\View\\View))
#11 E:\\kuliah syahwa\\Semester 4\\Pemogramman Web\\laravel\\belajar-1\\vendor\\laravel\\framework\\src\\Illuminate\\Pipeline\\Pipeline.php(141): Illuminate\\Routing\\Router->Illuminate\\Routing\\{closure}(Object(Illuminate\\Http\\Request))
#12 E:\\kuliah syahwa\\Semester 4\\Pemogramman Web\\laravel\\belajar-1\\vendor\\laravel\\framework\\src\\Illuminate\\Routing\\Middleware\\SubstituteBindings.php(50): Illuminate\\Pipeline\\Pipeline->Illuminate\\Pipeline\\{closure}(Object(Illuminate\\Http\\Request))
#13 E:\\kuliah syahwa\\Semester 4\\Pemogramman Web\\laravel\\belajar-1\\vendor\\laravel\\framework\\src\\Illuminate\\Pipeline\\Pipeline.php(180): Illuminate\\Routing\\Middleware\\SubstituteBindings->handle(Object(Illuminate\\Http\\Request), Object(Closure))
#14 E:\\kuliah syahwa\\Semester 4\\Pemogramman Web\\laravel\\belajar-1\\vendor\\laravel\\framework\\src\\Illuminate\\Foundation\\Http\\Middleware\\VerifyCsrfToken.php(78): Illuminate\\Pipeline\\Pipeline->Illuminate\\Pipeline\\{closure}(Object(Illuminate\\Http\\Request))
#15 E:\\kuliah syahwa\\Semester 4\\Pemogramman Web\\laravel\\belajar-1\\vendor\\laravel\\framework\\src\\Illuminate\\Pipeline\\Pipeline.php(180): Illuminate\\Foundation\\Http\\Middleware\\VerifyCsrfToken->handle(Object(Illuminate\\Http\\Request), Object(Closure))
#16 E:\\kuliah syahwa\\Semester 4\\Pemogramman Web\\laravel\\belajar-1\\vendor\\laravel\\framework\\src\\Illuminate\\View\\Middleware\\ShareErrorsFromSession.php(49): Illuminate\\Pipeline\\Pipeline->Illuminate\\Pipeline\\{closure}(Object(Illuminate\\Http\\Request))
#17 E:\\kuliah syahwa\\Semester 4\\Pemogramman Web\\laravel\\belajar-1\\vendor\\laravel\\framework\\src\\Illuminate\\Pipeline\\Pipeline.php(180): Illuminate\\View\\Middleware\\ShareErrorsFromSession->handle(Object(Illuminate\\Http\\Request), Object(Closure))
#18 E:\\kuliah syahwa\\Semester 4\\Pemogramman Web\\laravel\\belajar-1\\vendor\\laravel\\framework\\src\\Illuminate\\Session\\Middleware\\StartSession.php(121): Illuminate\\Pipeline\\Pipeline->Illuminate\\Pipeline\\{closure}(Object(Illuminate\\Http\\Request))
#19 E:\\kuliah syahwa\\Semester 4\\Pemogramman Web\\laravel\\belajar-1\\vendor\\laravel\\framework\\src\\Illuminate\\Session\\Middleware\\StartSession.php(64): Illuminate\\Session\\Middleware\\StartSession->handleStatefulRequest(Object(Illuminate\\Http\\Request), Object(Illuminate\\Session\\Store), Object(Closure))
#20 E:\\kuliah syahwa\\Semester 4\\Pemogramman Web\\laravel\\belajar-1\\vendor\\laravel\\framework\\src\\Illuminate\\Pipeline\\Pipeline.php(180): Illuminate\\Session\\Middleware\\StartSession->handle(Object(Illuminate\\Http\\Request), Object(Closure))
#21 E:\\kuliah syahwa\\Semester 4\\Pemogramman Web\\laravel\\belajar-1\\vendor\\laravel\\framework\\src\\Illuminate\\Cookie\\Middleware\\AddQueuedCookiesToResponse.php(37): Illuminate\\Pipeline\\Pipeline->Illuminate\\Pipeline\\{closure}(Object(Illuminate\\Http\\Request))
#22 E:\\kuliah syahwa\\Semester 4\\Pemogramman Web\\laravel\\belajar-1\\vendor\\laravel\\framework\\src\\Illuminate\\Pipeline\\Pipeline.php(180): Illuminate\\Cookie\\Middleware\\AddQueuedCookiesToResponse->handle(Object(Illuminate\\Http\\Request), Object(Closure))
#23 E:\\kuliah syahwa\\Semester 4\\Pemogramman Web\\laravel\\belajar-1\\vendor\\laravel\\framework\\src\\Illuminate\\Cookie\\Middleware\\EncryptCookies.php(67): Illuminate\\Pipeline\\Pipeline->Illuminate\\Pipeline\\{closure}(Object(Illuminate\\Http\\Request))
#24 E:\\kuliah syahwa\\Semester 4\\Pemogramman Web\\laravel\\belajar-1\\vendor\\laravel\\framework\\src\\Illuminate\\Pipeline\\Pipeline.php(180): Illuminate\\Cookie\\Middleware\\EncryptCookies->handle(Object(Illuminate\\Http\\Request), Object(Closure))
#25 E:\\kuliah syahwa\\Semester 4\\Pemogramman Web\\laravel\\belajar-1\\vendor\\laravel\\framework\\src\\Illuminate\\Pipeline\\Pipeline.php(116): Illuminate\\Pipeline\\Pipeline->Illuminate\\Pipeline\\{closure}(Object(Illuminate\\Http\\Request))
#26 E:\\kuliah syahwa\\Semester 4\\Pemogramman Web\\laravel\\belajar-1\\vendor\\laravel\\framework\\src\\Illuminate\\Routing\\Router.php(797): Illuminate\\Pipeline\\Pipeline->then(Object(Closure))
#27 E:\\kuliah syahwa\\Semester 4\\Pemogramman Web\\laravel\\belajar-1\\vendor\\laravel\\framework\\src\\Illuminate\\Routing\\Router.php(776): Illuminate\\Routing\\Router->runRouteWithinStack(Object(Illuminate\\Routing\\Route), Object(Illuminate\\Http\\Request))
#28 E:\\kuliah syahwa\\Semester 4\\Pemogramman Web\\laravel\\belajar-1\\vendor\\laravel\\framework\\src\\Illuminate\\Routing\\Router.php(740): Illuminate\\Routing\\Router->runRoute(Object(Illuminate\\Http\\Request), Object(Illuminate\\Routing\\Route))
#29 E:\\kuliah syahwa\\Semester 4\\Pemogramman Web\\laravel\\belajar-1\\vendor\\laravel\\framework\\src\\Illuminate\\Routing\\Router.php(729): Illuminate\\Routing\\Router->dispatchToRoute(Object(Illuminate\\Http\\Request))
#30 E:\\kuliah syahwa\\Semester 4\\Pemogramman Web\\laravel\\belajar-1\\vendor\\laravel\\framework\\src\\Illuminate\\Foundation\\Http\\Kernel.php(190): Illuminate\\Routing\\Router->dispatch(Object(Illuminate\\Http\\Request))
#31 E:\\kuliah syahwa\\Semester 4\\Pemogramman Web\\laravel\\belajar-1\\vendor\\laravel\\framework\\src\\Illuminate\\Pipeline\\Pipeline.php(141): Illuminate\\Foundation\\Http\\Kernel->Illuminate\\Foundation\\Http\\{closure}(Object(Illuminate\\Http\\Request))
#32 E:\\kuliah syahwa\\Semester 4\\Pemogramman Web\\laravel\\belajar-1\\vendor\\laravel\\framework\\src\\Illuminate\\Foundation\\Http\\Middleware\\TransformsRequest.php(21): Illuminate\\Pipeline\\Pipeline->Illuminate\\Pipeline\\{closure}(Object(Illuminate\\Http\\Request))
#33 E:\\kuliah syahwa\\Semester 4\\Pemogramman Web\\laravel\\belajar-1\\vendor\\laravel\\framework\\src\\Illuminate\\Foundation\\Http\\Middleware\\ConvertEmptyStringsToNull.php(31): Illuminate\\Foundation\\Http\\Middleware\\TransformsRequest->handle(Object(Illuminate\\Http\\Request), Object(Closure))
#34 E:\\kuliah syahwa\\Semester 4\\Pemogramman Web\\laravel\\belajar-1\\vendor\\laravel\\framework\\src\\Illuminate\\Pipeline\\Pipeline.php(180): Illuminate\\Foundation\\Http\\Middleware\\ConvertEmptyStringsToNull->handle(Object(Illuminate\\Http\\Request), Object(Closure))
#35 E:\\kuliah syahwa\\Semester 4\\Pemogramman Web\\laravel\\belajar-1\\vendor\\laravel\\framework\\src\\Illuminate\\Foundation\\Http\\Middleware\\TransformsRequest.php(21): Illuminate\\Pipeline\\Pipeline->Illuminate\\Pipeline\\{closure}(Object(Illuminate\\Http\\Request))
#36 E:\\kuliah syahwa\\Semester 4\\Pemogramman Web\\laravel\\belajar-1\\vendor\\laravel\\framework\\src\\Illuminate\\Foundation\\Http\\Middleware\\TrimStrings.php(40): Illuminate\\Foundation\\Http\\Middleware\\TransformsRequest->handle(Object(Illuminate\\Http\\Request), Object(Closure))
#37 E:\\kuliah syahwa\\Semester 4\\Pemogramman Web\\laravel\\belajar-1\\vendor\\laravel\\framework\\src\\Illuminate\\Pipeline\\Pipeline.php(180): Illuminate\\Foundation\\Http\\Middleware\\TrimStrings->handle(Object(Illuminate\\Http\\Request), Object(Closure))
#38 E:\\kuliah syahwa\\Semester 4\\Pemogramman Web\\laravel\\belajar-1\\vendor\\laravel\\framework\\src\\Illuminate\\Foundation\\Http\\Middleware\\ValidatePostSize.php(27): Illuminate\\Pipeline\\Pipeline->Illuminate\\Pipeline\\{closure}(Object(Illuminate\\Http\\Request))
#39 E:\\kuliah syahwa\\Semester 4\\Pemogramman Web\\laravel\\belajar-1\\vendor\\laravel\\framework\\src\\Illuminate\\Pipeline\\Pipeline.php(180): Illuminate\\Foundation\\Http\\Middleware\\ValidatePostSize->handle(Object(Illuminate\\Http\\Request), Object(Closure))
#40 E:\\kuliah syahwa\\Semester 4\\Pemogramman Web\\laravel\\belajar-1\\vendor\\laravel\\framework\\src\\Illuminate\\Foundation\\Http\\Middleware\\PreventRequestsDuringMaintenance.php(86): Illuminate\\Pipeline\\Pipeline->Illuminate\\Pipeline\\{closure}(Object(Illuminate\\Http\\Request))
#41 E:\\kuliah syahwa\\Semester 4\\Pemogramman Web\\laravel\\belajar-1\\vendor\\laravel\\framework\\src\\Illuminate\\Pipeline\\Pipeline.php(180): Illuminate\\Foundation\\Http\\Middleware\\PreventRequestsDuringMaintenance->handle(Object(Illuminate\\Http\\Request), Object(Closure))
#42 E:\\kuliah syahwa\\Semester 4\\Pemogramman Web\\laravel\\belajar-1\\vendor\\laravel\\framework\\src\\Illuminate\\Http\\Middleware\\HandleCors.php(49): Illuminate\\Pipeline\\Pipeline->Illuminate\\Pipeline\\{closure}(Object(Illuminate\\Http\\Request))
#43 E:\\kuliah syahwa\\Semester 4\\Pemogramman Web\\laravel\\belajar-1\\vendor\\laravel\\framework\\src\\Illuminate\\Pipeline\\Pipeline.php(180): Illuminate\\Http\\Middleware\\HandleCors->handle(Object(Illuminate\\Http\\Request), Object(Closure))
#44 E:\\kuliah syahwa\\Semester 4\\Pemogramman Web\\laravel\\belajar-1\\vendor\\laravel\\framework\\src\\Illuminate\\Http\\Middleware\\TrustProxies.php(39): Illuminate\\Pipeline\\Pipeline->Illuminate\\Pipeline\\{closure}(Object(Illuminate\\Http\\Request))
#45 E:\\kuliah syahwa\\Semester 4\\Pemogramman Web\\laravel\\belajar-1\\vendor\\laravel\\framework\\src\\Illuminate\\Pipeline\\Pipeline.php(180): Illuminate\\Http\\Middleware\\TrustProxies->handle(Object(Illuminate\\Http\\Request), Object(Closure))
#46 E:\\kuliah syahwa\\Semester 4\\Pemogramman Web\\laravel\\belajar-1\\vendor\\laravel\\framework\\src\\Illuminate\\Pipeline\\Pipeline.php(116): Illuminate\\Pipeline\\Pipeline->Illuminate\\Pipeline\\{closure}(Object(Illuminate\\Http\\Request))
#47 E:\\kuliah syahwa\\Semester 4\\Pemogramman Web\\laravel\\belajar-1\\vendor\\laravel\\framework\\src\\Illuminate\\Foundation\\Http\\Kernel.php(165): Illuminate\\Pipeline\\Pipeline->then(Object(Closure))
#48 E:\\kuliah syahwa\\Semester 4\\Pemogramman Web\\laravel\\belajar-1\\vendor\\laravel\\framework\\src\\Illuminate\\Foundation\\Http\\Kernel.php(134): Illuminate\\Foundation\\Http\\Kernel->sendRequestThroughRouter(Object(Illuminate\\Http\\Request))
#49 E:\\kuliah syahwa\\Semester 4\\Pemogramman Web\\laravel\\belajar-1\\public\\index.php(51): Illuminate\\Foundation\\Http\\Kernel->handle(Object(Illuminate\\Http\\Request))
#50 E:\\kuliah syahwa\\Semester 4\\Pemogramman Web\\laravel\\belajar-1\\vendor\\laravel\\framework\\src\\Illuminate\\Foundation\\resources\\server.php(16): require_once('E:\\\\kuliah syahw...')
#51 {main}
"} 
[2025-04-28 13:45:39] local.ERROR: syntax error, unexpected end of file {"view":{"view":"E:\\kuliah syahwa\\Semester 4\\Pemogramman Web\\laravel\\belajar-1\\resources\\views\\mahasiswa\\index.blade.php","data":{"errors":"<pre class=sf-dump id=sf-dump-1560834658 data-indent-pad=\"  \"><span class=sf-dump-note>Illuminate\\Support\\ViewErrorBag</span> {<a class=sf-dump-ref>#1236</a><samp data-depth=1 class=sf-dump-expanded>
  #<span class=sf-dump-protected title=\"Protected property\">bags</span>: []
</samp>}
</pre><script>Sfdump(\"sf-dump-1560834658\", {\"maxDepth\":3,\"maxStringLength\":160})</script>
","mahasiswa":"<pre class=sf-dump id=sf-dump-388555685 data-indent-pad=\"  \"><span class=sf-dump-note>Illuminate\\Database\\Eloquent\\Collection</span> {<a class=sf-dump-ref>#1259</a><samp data-depth=1 class=sf-dump-expanded>
  #<span class=sf-dump-protected title=\"Protected property\">items</span>: []
  #<span class=sf-dump-protected title=\"Protected property\">escapeWhenCastingToString</span>: <span class=sf-dump-const>false</span>
</samp>}
</pre><script>Sfdump(\"sf-dump-388555685\", {\"maxDepth\":3,\"maxStringLength\":160})</script>
"}},"exception":"[object] (Spatie\\LaravelIgnition\\Exceptions\\ViewException(code: 0): syntax error, unexpected end of file at E:\\kuliah syahwa\\Semester 4\\Pemogramman Web\\laravel\\belajar-1\\resources\\views\\mahasiswa\\index.blade.php:28)
[stacktrace]
#0 E:\\kuliah syahwa\\Semester 4\\Pemogramman Web\\laravel\\belajar-1\\vendor\\laravel\\framework\\src\\Illuminate\\Filesystem\\Filesystem.php(110): Illuminate\\Filesystem\\Filesystem::Illuminate\\Filesystem\\{closure}()
#1 E:\\kuliah syahwa\\Semester 4\\Pemogramman Web\\laravel\\belajar-1\\vendor\\laravel\\framework\\src\\Illuminate\\View\\Engines\\PhpEngine.php(58): Illuminate\\Filesystem\\Filesystem->getRequire('E:\\\\kuliah syahw...', Array)
#2 E:\\kuliah syahwa\\Semester 4\\Pemogramman Web\\laravel\\belajar-1\\vendor\\laravel\\framework\\src\\Illuminate\\View\\Engines\\CompilerEngine.php(70): Illuminate\\View\\Engines\\PhpEngine->evaluatePath('E:\\\\kuliah syahw...', Array)
#3 E:\\kuliah syahwa\\Semester 4\\Pemogramman Web\\laravel\\belajar-1\\vendor\\laravel\\framework\\src\\Illuminate\\View\\View.php(195): Illuminate\\View\\Engines\\CompilerEngine->get('E:\\\\kuliah syahw...', Array)
#4 E:\\kuliah syahwa\\Semester 4\\Pemogramman Web\\laravel\\belajar-1\\vendor\\laravel\\framework\\src\\Illuminate\\View\\View.php(178): Illuminate\\View\\View->getContents()
#5 E:\\kuliah syahwa\\Semester 4\\Pemogramman Web\\laravel\\belajar-1\\vendor\\laravel\\framework\\src\\Illuminate\\View\\View.php(147): Illuminate\\View\\View->renderContents()
#6 E:\\kuliah syahwa\\Semester 4\\Pemogramman Web\\laravel\\belajar-1\\vendor\\laravel\\framework\\src\\Illuminate\\Http\\Response.php(69): Illuminate\\View\\View->render()
#7 E:\\kuliah syahwa\\Semester 4\\Pemogramman Web\\laravel\\belajar-1\\vendor\\laravel\\framework\\src\\Illuminate\\Http\\Response.php(35): Illuminate\\Http\\Response->setContent(Object(Illuminate\\View\\View))
#8 E:\\kuliah syahwa\\Semester 4\\Pemogramman Web\\laravel\\belajar-1\\vendor\\laravel\\framework\\src\\Illuminate\\Routing\\Router.php(906): Illuminate\\Http\\Response->__construct(Object(Illuminate\\View\\View), 200, Array)
#9 E:\\kuliah syahwa\\Semester 4\\Pemogramman Web\\laravel\\belajar-1\\vendor\\laravel\\framework\\src\\Illuminate\\Routing\\Router.php(875): Illuminate\\Routing\\Router::toResponse(Object(Illuminate\\Http\\Request), Object(Illuminate\\View\\View))
#10 E:\\kuliah syahwa\\Semester 4\\Pemogramman Web\\laravel\\belajar-1\\vendor\\laravel\\framework\\src\\Illuminate\\Routing\\Router.php(797): Illuminate\\Routing\\Router->prepareResponse(Object(Illuminate\\Http\\Request), Object(Illuminate\\View\\View))
#11 E:\\kuliah syahwa\\Semester 4\\Pemogramman Web\\laravel\\belajar-1\\vendor\\laravel\\framework\\src\\Illuminate\\Pipeline\\Pipeline.php(141): Illuminate\\Routing\\Router->Illuminate\\Routing\\{closure}(Object(Illuminate\\Http\\Request))
#12 E:\\kuliah syahwa\\Semester 4\\Pemogramman Web\\laravel\\belajar-1\\vendor\\laravel\\framework\\src\\Illuminate\\Routing\\Middleware\\SubstituteBindings.php(50): Illuminate\\Pipeline\\Pipeline->Illuminate\\Pipeline\\{closure}(Object(Illuminate\\Http\\Request))
#13 E:\\kuliah syahwa\\Semester 4\\Pemogramman Web\\laravel\\belajar-1\\vendor\\laravel\\framework\\src\\Illuminate\\Pipeline\\Pipeline.php(180): Illuminate\\Routing\\Middleware\\SubstituteBindings->handle(Object(Illuminate\\Http\\Request), Object(Closure))
#14 E:\\kuliah syahwa\\Semester 4\\Pemogramman Web\\laravel\\belajar-1\\vendor\\laravel\\framework\\src\\Illuminate\\Foundation\\Http\\Middleware\\VerifyCsrfToken.php(78): Illuminate\\Pipeline\\Pipeline->Illuminate\\Pipeline\\{closure}(Object(Illuminate\\Http\\Request))
#15 E:\\kuliah syahwa\\Semester 4\\Pemogramman Web\\laravel\\belajar-1\\vendor\\laravel\\framework\\src\\Illuminate\\Pipeline\\Pipeline.php(180): Illuminate\\Foundation\\Http\\Middleware\\VerifyCsrfToken->handle(Object(Illuminate\\Http\\Request), Object(Closure))
#16 E:\\kuliah syahwa\\Semester 4\\Pemogramman Web\\laravel\\belajar-1\\vendor\\laravel\\framework\\src\\Illuminate\\View\\Middleware\\ShareErrorsFromSession.php(49): Illuminate\\Pipeline\\Pipeline->Illuminate\\Pipeline\\{closure}(Object(Illuminate\\Http\\Request))
#17 E:\\kuliah syahwa\\Semester 4\\Pemogramman Web\\laravel\\belajar-1\\vendor\\laravel\\framework\\src\\Illuminate\\Pipeline\\Pipeline.php(180): Illuminate\\View\\Middleware\\ShareErrorsFromSession->handle(Object(Illuminate\\Http\\Request), Object(Closure))
#18 E:\\kuliah syahwa\\Semester 4\\Pemogramman Web\\laravel\\belajar-1\\vendor\\laravel\\framework\\src\\Illuminate\\Session\\Middleware\\StartSession.php(121): Illuminate\\Pipeline\\Pipeline->Illuminate\\Pipeline\\{closure}(Object(Illuminate\\Http\\Request))
#19 E:\\kuliah syahwa\\Semester 4\\Pemogramman Web\\laravel\\belajar-1\\vendor\\laravel\\framework\\src\\Illuminate\\Session\\Middleware\\StartSession.php(64): Illuminate\\Session\\Middleware\\StartSession->handleStatefulRequest(Object(Illuminate\\Http\\Request), Object(Illuminate\\Session\\Store), Object(Closure))
#20 E:\\kuliah syahwa\\Semester 4\\Pemogramman Web\\laravel\\belajar-1\\vendor\\laravel\\framework\\src\\Illuminate\\Pipeline\\Pipeline.php(180): Illuminate\\Session\\Middleware\\StartSession->handle(Object(Illuminate\\Http\\Request), Object(Closure))
#21 E:\\kuliah syahwa\\Semester 4\\Pemogramman Web\\laravel\\belajar-1\\vendor\\laravel\\framework\\src\\Illuminate\\Cookie\\Middleware\\AddQueuedCookiesToResponse.php(37): Illuminate\\Pipeline\\Pipeline->Illuminate\\Pipeline\\{closure}(Object(Illuminate\\Http\\Request))
#22 E:\\kuliah syahwa\\Semester 4\\Pemogramman Web\\laravel\\belajar-1\\vendor\\laravel\\framework\\src\\Illuminate\\Pipeline\\Pipeline.php(180): Illuminate\\Cookie\\Middleware\\AddQueuedCookiesToResponse->handle(Object(Illuminate\\Http\\Request), Object(Closure))
#23 E:\\kuliah syahwa\\Semester 4\\Pemogramman Web\\laravel\\belajar-1\\vendor\\laravel\\framework\\src\\Illuminate\\Cookie\\Middleware\\EncryptCookies.php(67): Illuminate\\Pipeline\\Pipeline->Illuminate\\Pipeline\\{closure}(Object(Illuminate\\Http\\Request))
#24 E:\\kuliah syahwa\\Semester 4\\Pemogramman Web\\laravel\\belajar-1\\vendor\\laravel\\framework\\src\\Illuminate\\Pipeline\\Pipeline.php(180): Illuminate\\Cookie\\Middleware\\EncryptCookies->handle(Object(Illuminate\\Http\\Request), Object(Closure))
#25 E:\\kuliah syahwa\\Semester 4\\Pemogramman Web\\laravel\\belajar-1\\vendor\\laravel\\framework\\src\\Illuminate\\Pipeline\\Pipeline.php(116): Illuminate\\Pipeline\\Pipeline->Illuminate\\Pipeline\\{closure}(Object(Illuminate\\Http\\Request))
#26 E:\\kuliah syahwa\\Semester 4\\Pemogramman Web\\laravel\\belajar-1\\vendor\\laravel\\framework\\src\\Illuminate\\Routing\\Router.php(797): Illuminate\\Pipeline\\Pipeline->then(Object(Closure))
#27 E:\\kuliah syahwa\\Semester 4\\Pemogramman Web\\laravel\\belajar-1\\vendor\\laravel\\framework\\src\\Illuminate\\Routing\\Router.php(776): Illuminate\\Routing\\Router->runRouteWithinStack(Object(Illuminate\\Routing\\Route), Object(Illuminate\\Http\\Request))
#28 E:\\kuliah syahwa\\Semester 4\\Pemogramman Web\\laravel\\belajar-1\\vendor\\laravel\\framework\\src\\Illuminate\\Routing\\Router.php(740): Illuminate\\Routing\\Router->runRoute(Object(Illuminate\\Http\\Request), Object(Illuminate\\Routing\\Route))
#29 E:\\kuliah syahwa\\Semester 4\\Pemogramman Web\\laravel\\belajar-1\\vendor\\laravel\\framework\\src\\Illuminate\\Routing\\Router.php(729): Illuminate\\Routing\\Router->dispatchToRoute(Object(Illuminate\\Http\\Request))
#30 E:\\kuliah syahwa\\Semester 4\\Pemogramman Web\\laravel\\belajar-1\\vendor\\laravel\\framework\\src\\Illuminate\\Foundation\\Http\\Kernel.php(190): Illuminate\\Routing\\Router->dispatch(Object(Illuminate\\Http\\Request))
#31 E:\\kuliah syahwa\\Semester 4\\Pemogramman Web\\laravel\\belajar-1\\vendor\\laravel\\framework\\src\\Illuminate\\Pipeline\\Pipeline.php(141): Illuminate\\Foundation\\Http\\Kernel->Illuminate\\Foundation\\Http\\{closure}(Object(Illuminate\\Http\\Request))
#32 E:\\kuliah syahwa\\Semester 4\\Pemogramman Web\\laravel\\belajar-1\\vendor\\laravel\\framework\\src\\Illuminate\\Foundation\\Http\\Middleware\\TransformsRequest.php(21): Illuminate\\Pipeline\\Pipeline->Illuminate\\Pipeline\\{closure}(Object(Illuminate\\Http\\Request))
#33 E:\\kuliah syahwa\\Semester 4\\Pemogramman Web\\laravel\\belajar-1\\vendor\\laravel\\framework\\src\\Illuminate\\Foundation\\Http\\Middleware\\ConvertEmptyStringsToNull.php(31): Illuminate\\Foundation\\Http\\Middleware\\TransformsRequest->handle(Object(Illuminate\\Http\\Request), Object(Closure))
#34 E:\\kuliah syahwa\\Semester 4\\Pemogramman Web\\laravel\\belajar-1\\vendor\\laravel\\framework\\src\\Illuminate\\Pipeline\\Pipeline.php(180): Illuminate\\Foundation\\Http\\Middleware\\ConvertEmptyStringsToNull->handle(Object(Illuminate\\Http\\Request), Object(Closure))
#35 E:\\kuliah syahwa\\Semester 4\\Pemogramman Web\\laravel\\belajar-1\\vendor\\laravel\\framework\\src\\Illuminate\\Foundation\\Http\\Middleware\\TransformsRequest.php(21): Illuminate\\Pipeline\\Pipeline->Illuminate\\Pipeline\\{closure}(Object(Illuminate\\Http\\Request))
#36 E:\\kuliah syahwa\\Semester 4\\Pemogramman Web\\laravel\\belajar-1\\vendor\\laravel\\framework\\src\\Illuminate\\Foundation\\Http\\Middleware\\TrimStrings.php(40): Illuminate\\Foundation\\Http\\Middleware\\TransformsRequest->handle(Object(Illuminate\\Http\\Request), Object(Closure))
#37 E:\\kuliah syahwa\\Semester 4\\Pemogramman Web\\laravel\\belajar-1\\vendor\\laravel\\framework\\src\\Illuminate\\Pipeline\\Pipeline.php(180): Illuminate\\Foundation\\Http\\Middleware\\TrimStrings->handle(Object(Illuminate\\Http\\Request), Object(Closure))
#38 E:\\kuliah syahwa\\Semester 4\\Pemogramman Web\\laravel\\belajar-1\\vendor\\laravel\\framework\\src\\Illuminate\\Foundation\\Http\\Middleware\\ValidatePostSize.php(27): Illuminate\\Pipeline\\Pipeline->Illuminate\\Pipeline\\{closure}(Object(Illuminate\\Http\\Request))
#39 E:\\kuliah syahwa\\Semester 4\\Pemogramman Web\\laravel\\belajar-1\\vendor\\laravel\\framework\\src\\Illuminate\\Pipeline\\Pipeline.php(180): Illuminate\\Foundation\\Http\\Middleware\\ValidatePostSize->handle(Object(Illuminate\\Http\\Request), Object(Closure))
#40 E:\\kuliah syahwa\\Semester 4\\Pemogramman Web\\laravel\\belajar-1\\vendor\\laravel\\framework\\src\\Illuminate\\Foundation\\Http\\Middleware\\PreventRequestsDuringMaintenance.php(86): Illuminate\\Pipeline\\Pipeline->Illuminate\\Pipeline\\{closure}(Object(Illuminate\\Http\\Request))
#41 E:\\kuliah syahwa\\Semester 4\\Pemogramman Web\\laravel\\belajar-1\\vendor\\laravel\\framework\\src\\Illuminate\\Pipeline\\Pipeline.php(180): Illuminate\\Foundation\\Http\\Middleware\\PreventRequestsDuringMaintenance->handle(Object(Illuminate\\Http\\Request), Object(Closure))
#42 E:\\kuliah syahwa\\Semester 4\\Pemogramman Web\\laravel\\belajar-1\\vendor\\laravel\\framework\\src\\Illuminate\\Http\\Middleware\\HandleCors.php(49): Illuminate\\Pipeline\\Pipeline->Illuminate\\Pipeline\\{closure}(Object(Illuminate\\Http\\Request))
#43 E:\\kuliah syahwa\\Semester 4\\Pemogramman Web\\laravel\\belajar-1\\vendor\\laravel\\framework\\src\\Illuminate\\Pipeline\\Pipeline.php(180): Illuminate\\Http\\Middleware\\HandleCors->handle(Object(Illuminate\\Http\\Request), Object(Closure))
#44 E:\\kuliah syahwa\\Semester 4\\Pemogramman Web\\laravel\\belajar-1\\vendor\\laravel\\framework\\src\\Illuminate\\Http\\Middleware\\TrustProxies.php(39): Illuminate\\Pipeline\\Pipeline->Illuminate\\Pipeline\\{closure}(Object(Illuminate\\Http\\Request))
#45 E:\\kuliah syahwa\\Semester 4\\Pemogramman Web\\laravel\\belajar-1\\vendor\\laravel\\framework\\src\\Illuminate\\Pipeline\\Pipeline.php(180): Illuminate\\Http\\Middleware\\TrustProxies->handle(Object(Illuminate\\Http\\Request), Object(Closure))
#46 E:\\kuliah syahwa\\Semester 4\\Pemogramman Web\\laravel\\belajar-1\\vendor\\laravel\\framework\\src\\Illuminate\\Pipeline\\Pipeline.php(116): Illuminate\\Pipeline\\Pipeline->Illuminate\\Pipeline\\{closure}(Object(Illuminate\\Http\\Request))
#47 E:\\kuliah syahwa\\Semester 4\\Pemogramman Web\\laravel\\belajar-1\\vendor\\laravel\\framework\\src\\Illuminate\\Foundation\\Http\\Kernel.php(165): Illuminate\\Pipeline\\Pipeline->then(Object(Closure))
#48 E:\\kuliah syahwa\\Semester 4\\Pemogramman Web\\laravel\\belajar-1\\vendor\\laravel\\framework\\src\\Illuminate\\Foundation\\Http\\Kernel.php(134): Illuminate\\Foundation\\Http\\Kernel->sendRequestThroughRouter(Object(Illuminate\\Http\\Request))
#49 E:\\kuliah syahwa\\Semester 4\\Pemogramman Web\\laravel\\belajar-1\\public\\index.php(51): Illuminate\\Foundation\\Http\\Kernel->handle(Object(Illuminate\\Http\\Request))
#50 E:\\kuliah syahwa\\Semester 4\\Pemogramman Web\\laravel\\belajar-1\\vendor\\laravel\\framework\\src\\Illuminate\\Foundation\\resources\\server.php(16): require_once('E:\\\\kuliah syahw...')
#51 {main}

[previous exception] [object] (ParseError(code: 0): syntax error, unexpected end of file at E:\\kuliah syahwa\\Semester 4\\Pemogramman Web\\laravel\\belajar-1\\storage\\framework\\views\\c3bb19c2521ae8ae3cf2895fb65cfb5b2969917e.php:41)
[stacktrace]
#0 E:\\kuliah syahwa\\Semester 4\\Pemogramman Web\\laravel\\belajar-1\\vendor\\laravel\\framework\\src\\Illuminate\\Filesystem\\Filesystem.php(110): Illuminate\\Filesystem\\Filesystem::Illuminate\\Filesystem\\{closure}()
#1 E:\\kuliah syahwa\\Semester 4\\Pemogramman Web\\laravel\\belajar-1\\vendor\\laravel\\framework\\src\\Illuminate\\View\\Engines\\PhpEngine.php(58): Illuminate\\Filesystem\\Filesystem->getRequire('E:\\\\kuliah syahw...', Array)
#2 E:\\kuliah syahwa\\Semester 4\\Pemogramman Web\\laravel\\belajar-1\\vendor\\laravel\\framework\\src\\Illuminate\\View\\Engines\\CompilerEngine.php(70): Illuminate\\View\\Engines\\PhpEngine->evaluatePath('E:\\\\kuliah syahw...', Array)
#3 E:\\kuliah syahwa\\Semester 4\\Pemogramman Web\\laravel\\belajar-1\\vendor\\laravel\\framework\\src\\Illuminate\\View\\View.php(195): Illuminate\\View\\Engines\\CompilerEngine->get('E:\\\\kuliah syahw...', Array)
#4 E:\\kuliah syahwa\\Semester 4\\Pemogramman Web\\laravel\\belajar-1\\vendor\\laravel\\framework\\src\\Illuminate\\View\\View.php(178): Illuminate\\View\\View->getContents()
#5 E:\\kuliah syahwa\\Semester 4\\Pemogramman Web\\laravel\\belajar-1\\vendor\\laravel\\framework\\src\\Illuminate\\View\\View.php(147): Illuminate\\View\\View->renderContents()
#6 E:\\kuliah syahwa\\Semester 4\\Pemogramman Web\\laravel\\belajar-1\\vendor\\laravel\\framework\\src\\Illuminate\\Http\\Response.php(69): Illuminate\\View\\View->render()
#7 E:\\kuliah syahwa\\Semester 4\\Pemogramman Web\\laravel\\belajar-1\\vendor\\laravel\\framework\\src\\Illuminate\\Http\\Response.php(35): Illuminate\\Http\\Response->setContent(Object(Illuminate\\View\\View))
#8 E:\\kuliah syahwa\\Semester 4\\Pemogramman Web\\laravel\\belajar-1\\vendor\\laravel\\framework\\src\\Illuminate\\Routing\\Router.php(906): Illuminate\\Http\\Response->__construct(Object(Illuminate\\View\\View), 200, Array)
#9 E:\\kuliah syahwa\\Semester 4\\Pemogramman Web\\laravel\\belajar-1\\vendor\\laravel\\framework\\src\\Illuminate\\Routing\\Router.php(875): Illuminate\\Routing\\Router::toResponse(Object(Illuminate\\Http\\Request), Object(Illuminate\\View\\View))
#10 E:\\kuliah syahwa\\Semester 4\\Pemogramman Web\\laravel\\belajar-1\\vendor\\laravel\\framework\\src\\Illuminate\\Routing\\Router.php(797): Illuminate\\Routing\\Router->prepareResponse(Object(Illuminate\\Http\\Request), Object(Illuminate\\View\\View))
#11 E:\\kuliah syahwa\\Semester 4\\Pemogramman Web\\laravel\\belajar-1\\vendor\\laravel\\framework\\src\\Illuminate\\Pipeline\\Pipeline.php(141): Illuminate\\Routing\\Router->Illuminate\\Routing\\{closure}(Object(Illuminate\\Http\\Request))
#12 E:\\kuliah syahwa\\Semester 4\\Pemogramman Web\\laravel\\belajar-1\\vendor\\laravel\\framework\\src\\Illuminate\\Routing\\Middleware\\SubstituteBindings.php(50): Illuminate\\Pipeline\\Pipeline->Illuminate\\Pipeline\\{closure}(Object(Illuminate\\Http\\Request))
#13 E:\\kuliah syahwa\\Semester 4\\Pemogramman Web\\laravel\\belajar-1\\vendor\\laravel\\framework\\src\\Illuminate\\Pipeline\\Pipeline.php(180): Illuminate\\Routing\\Middleware\\SubstituteBindings->handle(Object(Illuminate\\Http\\Request), Object(Closure))
#14 E:\\kuliah syahwa\\Semester 4\\Pemogramman Web\\laravel\\belajar-1\\vendor\\laravel\\framework\\src\\Illuminate\\Foundation\\Http\\Middleware\\VerifyCsrfToken.php(78): Illuminate\\Pipeline\\Pipeline->Illuminate\\Pipeline\\{closure}(Object(Illuminate\\Http\\Request))
#15 E:\\kuliah syahwa\\Semester 4\\Pemogramman Web\\laravel\\belajar-1\\vendor\\laravel\\framework\\src\\Illuminate\\Pipeline\\Pipeline.php(180): Illuminate\\Foundation\\Http\\Middleware\\VerifyCsrfToken->handle(Object(Illuminate\\Http\\Request), Object(Closure))
#16 E:\\kuliah syahwa\\Semester 4\\Pemogramman Web\\laravel\\belajar-1\\vendor\\laravel\\framework\\src\\Illuminate\\View\\Middleware\\ShareErrorsFromSession.php(49): Illuminate\\Pipeline\\Pipeline->Illuminate\\Pipeline\\{closure}(Object(Illuminate\\Http\\Request))
#17 E:\\kuliah syahwa\\Semester 4\\Pemogramman Web\\laravel\\belajar-1\\vendor\\laravel\\framework\\src\\Illuminate\\Pipeline\\Pipeline.php(180): Illuminate\\View\\Middleware\\ShareErrorsFromSession->handle(Object(Illuminate\\Http\\Request), Object(Closure))
#18 E:\\kuliah syahwa\\Semester 4\\Pemogramman Web\\laravel\\belajar-1\\vendor\\laravel\\framework\\src\\Illuminate\\Session\\Middleware\\StartSession.php(121): Illuminate\\Pipeline\\Pipeline->Illuminate\\Pipeline\\{closure}(Object(Illuminate\\Http\\Request))
#19 E:\\kuliah syahwa\\Semester 4\\Pemogramman Web\\laravel\\belajar-1\\vendor\\laravel\\framework\\src\\Illuminate\\Session\\Middleware\\StartSession.php(64): Illuminate\\Session\\Middleware\\StartSession->handleStatefulRequest(Object(Illuminate\\Http\\Request), Object(Illuminate\\Session\\Store), Object(Closure))
#20 E:\\kuliah syahwa\\Semester 4\\Pemogramman Web\\laravel\\belajar-1\\vendor\\laravel\\framework\\src\\Illuminate\\Pipeline\\Pipeline.php(180): Illuminate\\Session\\Middleware\\StartSession->handle(Object(Illuminate\\Http\\Request), Object(Closure))
#21 E:\\kuliah syahwa\\Semester 4\\Pemogramman Web\\laravel\\belajar-1\\vendor\\laravel\\framework\\src\\Illuminate\\Cookie\\Middleware\\AddQueuedCookiesToResponse.php(37): Illuminate\\Pipeline\\Pipeline->Illuminate\\Pipeline\\{closure}(Object(Illuminate\\Http\\Request))
#22 E:\\kuliah syahwa\\Semester 4\\Pemogramman Web\\laravel\\belajar-1\\vendor\\laravel\\framework\\src\\Illuminate\\Pipeline\\Pipeline.php(180): Illuminate\\Cookie\\Middleware\\AddQueuedCookiesToResponse->handle(Object(Illuminate\\Http\\Request), Object(Closure))
#23 E:\\kuliah syahwa\\Semester 4\\Pemogramman Web\\laravel\\belajar-1\\vendor\\laravel\\framework\\src\\Illuminate\\Cookie\\Middleware\\EncryptCookies.php(67): Illuminate\\Pipeline\\Pipeline->Illuminate\\Pipeline\\{closure}(Object(Illuminate\\Http\\Request))
#24 E:\\kuliah syahwa\\Semester 4\\Pemogramman Web\\laravel\\belajar-1\\vendor\\laravel\\framework\\src\\Illuminate\\Pipeline\\Pipeline.php(180): Illuminate\\Cookie\\Middleware\\EncryptCookies->handle(Object(Illuminate\\Http\\Request), Object(Closure))
#25 E:\\kuliah syahwa\\Semester 4\\Pemogramman Web\\laravel\\belajar-1\\vendor\\laravel\\framework\\src\\Illuminate\\Pipeline\\Pipeline.php(116): Illuminate\\Pipeline\\Pipeline->Illuminate\\Pipeline\\{closure}(Object(Illuminate\\Http\\Request))
#26 E:\\kuliah syahwa\\Semester 4\\Pemogramman Web\\laravel\\belajar-1\\vendor\\laravel\\framework\\src\\Illuminate\\Routing\\Router.php(797): Illuminate\\Pipeline\\Pipeline->then(Object(Closure))
#27 E:\\kuliah syahwa\\Semester 4\\Pemogramman Web\\laravel\\belajar-1\\vendor\\laravel\\framework\\src\\Illuminate\\Routing\\Router.php(776): Illuminate\\Routing\\Router->runRouteWithinStack(Object(Illuminate\\Routing\\Route), Object(Illuminate\\Http\\Request))
#28 E:\\kuliah syahwa\\Semester 4\\Pemogramman Web\\laravel\\belajar-1\\vendor\\laravel\\framework\\src\\Illuminate\\Routing\\Router.php(740): Illuminate\\Routing\\Router->runRoute(Object(Illuminate\\Http\\Request), Object(Illuminate\\Routing\\Route))
#29 E:\\kuliah syahwa\\Semester 4\\Pemogramman Web\\laravel\\belajar-1\\vendor\\laravel\\framework\\src\\Illuminate\\Routing\\Router.php(729): Illuminate\\Routing\\Router->dispatchToRoute(Object(Illuminate\\Http\\Request))
#30 E:\\kuliah syahwa\\Semester 4\\Pemogramman Web\\laravel\\belajar-1\\vendor\\laravel\\framework\\src\\Illuminate\\Foundation\\Http\\Kernel.php(190): Illuminate\\Routing\\Router->dispatch(Object(Illuminate\\Http\\Request))
#31 E:\\kuliah syahwa\\Semester 4\\Pemogramman Web\\laravel\\belajar-1\\vendor\\laravel\\framework\\src\\Illuminate\\Pipeline\\Pipeline.php(141): Illuminate\\Foundation\\Http\\Kernel->Illuminate\\Foundation\\Http\\{closure}(Object(Illuminate\\Http\\Request))
#32 E:\\kuliah syahwa\\Semester 4\\Pemogramman Web\\laravel\\belajar-1\\vendor\\laravel\\framework\\src\\Illuminate\\Foundation\\Http\\Middleware\\TransformsRequest.php(21): Illuminate\\Pipeline\\Pipeline->Illuminate\\Pipeline\\{closure}(Object(Illuminate\\Http\\Request))
#33 E:\\kuliah syahwa\\Semester 4\\Pemogramman Web\\laravel\\belajar-1\\vendor\\laravel\\framework\\src\\Illuminate\\Foundation\\Http\\Middleware\\ConvertEmptyStringsToNull.php(31): Illuminate\\Foundation\\Http\\Middleware\\TransformsRequest->handle(Object(Illuminate\\Http\\Request), Object(Closure))
#34 E:\\kuliah syahwa\\Semester 4\\Pemogramman Web\\laravel\\belajar-1\\vendor\\laravel\\framework\\src\\Illuminate\\Pipeline\\Pipeline.php(180): Illuminate\\Foundation\\Http\\Middleware\\ConvertEmptyStringsToNull->handle(Object(Illuminate\\Http\\Request), Object(Closure))
#35 E:\\kuliah syahwa\\Semester 4\\Pemogramman Web\\laravel\\belajar-1\\vendor\\laravel\\framework\\src\\Illuminate\\Foundation\\Http\\Middleware\\TransformsRequest.php(21): Illuminate\\Pipeline\\Pipeline->Illuminate\\Pipeline\\{closure}(Object(Illuminate\\Http\\Request))
#36 E:\\kuliah syahwa\\Semester 4\\Pemogramman Web\\laravel\\belajar-1\\vendor\\laravel\\framework\\src\\Illuminate\\Foundation\\Http\\Middleware\\TrimStrings.php(40): Illuminate\\Foundation\\Http\\Middleware\\TransformsRequest->handle(Object(Illuminate\\Http\\Request), Object(Closure))
#37 E:\\kuliah syahwa\\Semester 4\\Pemogramman Web\\laravel\\belajar-1\\vendor\\laravel\\framework\\src\\Illuminate\\Pipeline\\Pipeline.php(180): Illuminate\\Foundation\\Http\\Middleware\\TrimStrings->handle(Object(Illuminate\\Http\\Request), Object(Closure))
#38 E:\\kuliah syahwa\\Semester 4\\Pemogramman Web\\laravel\\belajar-1\\vendor\\laravel\\framework\\src\\Illuminate\\Foundation\\Http\\Middleware\\ValidatePostSize.php(27): Illuminate\\Pipeline\\Pipeline->Illuminate\\Pipeline\\{closure}(Object(Illuminate\\Http\\Request))
#39 E:\\kuliah syahwa\\Semester 4\\Pemogramman Web\\laravel\\belajar-1\\vendor\\laravel\\framework\\src\\Illuminate\\Pipeline\\Pipeline.php(180): Illuminate\\Foundation\\Http\\Middleware\\ValidatePostSize->handle(Object(Illuminate\\Http\\Request), Object(Closure))
#40 E:\\kuliah syahwa\\Semester 4\\Pemogramman Web\\laravel\\belajar-1\\vendor\\laravel\\framework\\src\\Illuminate\\Foundation\\Http\\Middleware\\PreventRequestsDuringMaintenance.php(86): Illuminate\\Pipeline\\Pipeline->Illuminate\\Pipeline\\{closure}(Object(Illuminate\\Http\\Request))
#41 E:\\kuliah syahwa\\Semester 4\\Pemogramman Web\\laravel\\belajar-1\\vendor\\laravel\\framework\\src\\Illuminate\\Pipeline\\Pipeline.php(180): Illuminate\\Foundation\\Http\\Middleware\\PreventRequestsDuringMaintenance->handle(Object(Illuminate\\Http\\Request), Object(Closure))
#42 E:\\kuliah syahwa\\Semester 4\\Pemogramman Web\\laravel\\belajar-1\\vendor\\laravel\\framework\\src\\Illuminate\\Http\\Middleware\\HandleCors.php(49): Illuminate\\Pipeline\\Pipeline->Illuminate\\Pipeline\\{closure}(Object(Illuminate\\Http\\Request))
#43 E:\\kuliah syahwa\\Semester 4\\Pemogramman Web\\laravel\\belajar-1\\vendor\\laravel\\framework\\src\\Illuminate\\Pipeline\\Pipeline.php(180): Illuminate\\Http\\Middleware\\HandleCors->handle(Object(Illuminate\\Http\\Request), Object(Closure))
#44 E:\\kuliah syahwa\\Semester 4\\Pemogramman Web\\laravel\\belajar-1\\vendor\\laravel\\framework\\src\\Illuminate\\Http\\Middleware\\TrustProxies.php(39): Illuminate\\Pipeline\\Pipeline->Illuminate\\Pipeline\\{closure}(Object(Illuminate\\Http\\Request))
#45 E:\\kuliah syahwa\\Semester 4\\Pemogramman Web\\laravel\\belajar-1\\vendor\\laravel\\framework\\src\\Illuminate\\Pipeline\\Pipeline.php(180): Illuminate\\Http\\Middleware\\TrustProxies->handle(Object(Illuminate\\Http\\Request), Object(Closure))
#46 E:\\kuliah syahwa\\Semester 4\\Pemogramman Web\\laravel\\belajar-1\\vendor\\laravel\\framework\\src\\Illuminate\\Pipeline\\Pipeline.php(116): Illuminate\\Pipeline\\Pipeline->Illuminate\\Pipeline\\{closure}(Object(Illuminate\\Http\\Request))
#47 E:\\kuliah syahwa\\Semester 4\\Pemogramman Web\\laravel\\belajar-1\\vendor\\laravel\\framework\\src\\Illuminate\\Foundation\\Http\\Kernel.php(165): Illuminate\\Pipeline\\Pipeline->then(Object(Closure))
#48 E:\\kuliah syahwa\\Semester 4\\Pemogramman Web\\laravel\\belajar-1\\vendor\\laravel\\framework\\src\\Illuminate\\Foundation\\Http\\Kernel.php(134): Illuminate\\Foundation\\Http\\Kernel->sendRequestThroughRouter(Object(Illuminate\\Http\\Request))
#49 E:\\kuliah syahwa\\Semester 4\\Pemogramman Web\\laravel\\belajar-1\\public\\index.php(51): Illuminate\\Foundation\\Http\\Kernel->handle(Object(Illuminate\\Http\\Request))
#50 E:\\kuliah syahwa\\Semester 4\\Pemogramman Web\\laravel\\belajar-1\\vendor\\laravel\\framework\\src\\Illuminate\\Foundation\\resources\\server.php(16): require_once('E:\\\\kuliah syahw...')
#51 {main}
"} 
[2025-04-28 13:46:25] local.ERROR: syntax error, unexpected end of file {"view":{"view":"E:\\kuliah syahwa\\Semester 4\\Pemogramman Web\\laravel\\belajar-1\\resources\\views\\mahasiswa\\index.blade.php","data":{"errors":"<pre class=sf-dump id=sf-dump-1667763942 data-indent-pad=\"  \"><span class=sf-dump-note>Illuminate\\Support\\ViewErrorBag</span> {<a class=sf-dump-ref>#1236</a><samp data-depth=1 class=sf-dump-expanded>
  #<span class=sf-dump-protected title=\"Protected property\">bags</span>: []
</samp>}
</pre><script>Sfdump(\"sf-dump-1667763942\", {\"maxDepth\":3,\"maxStringLength\":160})</script>
","mahasiswa":"<pre class=sf-dump id=sf-dump-85448868 data-indent-pad=\"  \"><span class=sf-dump-note>Illuminate\\Database\\Eloquent\\Collection</span> {<a class=sf-dump-ref>#1259</a><samp data-depth=1 class=sf-dump-expanded>
  #<span class=sf-dump-protected title=\"Protected property\">items</span>: []
  #<span class=sf-dump-protected title=\"Protected property\">escapeWhenCastingToString</span>: <span class=sf-dump-const>false</span>
</samp>}
</pre><script>Sfdump(\"sf-dump-85448868\", {\"maxDepth\":3,\"maxStringLength\":160})</script>
"}},"exception":"[object] (Spatie\\LaravelIgnition\\Exceptions\\ViewException(code: 0): syntax error, unexpected end of file at E:\\kuliah syahwa\\Semester 4\\Pemogramman Web\\laravel\\belajar-1\\resources\\views\\mahasiswa\\index.blade.php:28)
[stacktrace]
#0 E:\\kuliah syahwa\\Semester 4\\Pemogramman Web\\laravel\\belajar-1\\vendor\\laravel\\framework\\src\\Illuminate\\Filesystem\\Filesystem.php(110): Illuminate\\Filesystem\\Filesystem::Illuminate\\Filesystem\\{closure}()
#1 E:\\kuliah syahwa\\Semester 4\\Pemogramman Web\\laravel\\belajar-1\\vendor\\laravel\\framework\\src\\Illuminate\\View\\Engines\\PhpEngine.php(58): Illuminate\\Filesystem\\Filesystem->getRequire('E:\\\\kuliah syahw...', Array)
#2 E:\\kuliah syahwa\\Semester 4\\Pemogramman Web\\laravel\\belajar-1\\vendor\\laravel\\framework\\src\\Illuminate\\View\\Engines\\CompilerEngine.php(70): Illuminate\\View\\Engines\\PhpEngine->evaluatePath('E:\\\\kuliah syahw...', Array)
#3 E:\\kuliah syahwa\\Semester 4\\Pemogramman Web\\laravel\\belajar-1\\vendor\\laravel\\framework\\src\\Illuminate\\View\\View.php(195): Illuminate\\View\\Engines\\CompilerEngine->get('E:\\\\kuliah syahw...', Array)
#4 E:\\kuliah syahwa\\Semester 4\\Pemogramman Web\\laravel\\belajar-1\\vendor\\laravel\\framework\\src\\Illuminate\\View\\View.php(178): Illuminate\\View\\View->getContents()
#5 E:\\kuliah syahwa\\Semester 4\\Pemogramman Web\\laravel\\belajar-1\\vendor\\laravel\\framework\\src\\Illuminate\\View\\View.php(147): Illuminate\\View\\View->renderContents()
#6 E:\\kuliah syahwa\\Semester 4\\Pemogramman Web\\laravel\\belajar-1\\vendor\\laravel\\framework\\src\\Illuminate\\Http\\Response.php(69): Illuminate\\View\\View->render()
#7 E:\\kuliah syahwa\\Semester 4\\Pemogramman Web\\laravel\\belajar-1\\vendor\\laravel\\framework\\src\\Illuminate\\Http\\Response.php(35): Illuminate\\Http\\Response->setContent(Object(Illuminate\\View\\View))
#8 E:\\kuliah syahwa\\Semester 4\\Pemogramman Web\\laravel\\belajar-1\\vendor\\laravel\\framework\\src\\Illuminate\\Routing\\Router.php(906): Illuminate\\Http\\Response->__construct(Object(Illuminate\\View\\View), 200, Array)
#9 E:\\kuliah syahwa\\Semester 4\\Pemogramman Web\\laravel\\belajar-1\\vendor\\laravel\\framework\\src\\Illuminate\\Routing\\Router.php(875): Illuminate\\Routing\\Router::toResponse(Object(Illuminate\\Http\\Request), Object(Illuminate\\View\\View))
#10 E:\\kuliah syahwa\\Semester 4\\Pemogramman Web\\laravel\\belajar-1\\vendor\\laravel\\framework\\src\\Illuminate\\Routing\\Router.php(797): Illuminate\\Routing\\Router->prepareResponse(Object(Illuminate\\Http\\Request), Object(Illuminate\\View\\View))
#11 E:\\kuliah syahwa\\Semester 4\\Pemogramman Web\\laravel\\belajar-1\\vendor\\laravel\\framework\\src\\Illuminate\\Pipeline\\Pipeline.php(141): Illuminate\\Routing\\Router->Illuminate\\Routing\\{closure}(Object(Illuminate\\Http\\Request))
#12 E:\\kuliah syahwa\\Semester 4\\Pemogramman Web\\laravel\\belajar-1\\vendor\\laravel\\framework\\src\\Illuminate\\Routing\\Middleware\\SubstituteBindings.php(50): Illuminate\\Pipeline\\Pipeline->Illuminate\\Pipeline\\{closure}(Object(Illuminate\\Http\\Request))
#13 E:\\kuliah syahwa\\Semester 4\\Pemogramman Web\\laravel\\belajar-1\\vendor\\laravel\\framework\\src\\Illuminate\\Pipeline\\Pipeline.php(180): Illuminate\\Routing\\Middleware\\SubstituteBindings->handle(Object(Illuminate\\Http\\Request), Object(Closure))
#14 E:\\kuliah syahwa\\Semester 4\\Pemogramman Web\\laravel\\belajar-1\\vendor\\laravel\\framework\\src\\Illuminate\\Foundation\\Http\\Middleware\\VerifyCsrfToken.php(78): Illuminate\\Pipeline\\Pipeline->Illuminate\\Pipeline\\{closure}(Object(Illuminate\\Http\\Request))
#15 E:\\kuliah syahwa\\Semester 4\\Pemogramman Web\\laravel\\belajar-1\\vendor\\laravel\\framework\\src\\Illuminate\\Pipeline\\Pipeline.php(180): Illuminate\\Foundation\\Http\\Middleware\\VerifyCsrfToken->handle(Object(Illuminate\\Http\\Request), Object(Closure))
#16 E:\\kuliah syahwa\\Semester 4\\Pemogramman Web\\laravel\\belajar-1\\vendor\\laravel\\framework\\src\\Illuminate\\View\\Middleware\\ShareErrorsFromSession.php(49): Illuminate\\Pipeline\\Pipeline->Illuminate\\Pipeline\\{closure}(Object(Illuminate\\Http\\Request))
#17 E:\\kuliah syahwa\\Semester 4\\Pemogramman Web\\laravel\\belajar-1\\vendor\\laravel\\framework\\src\\Illuminate\\Pipeline\\Pipeline.php(180): Illuminate\\View\\Middleware\\ShareErrorsFromSession->handle(Object(Illuminate\\Http\\Request), Object(Closure))
#18 E:\\kuliah syahwa\\Semester 4\\Pemogramman Web\\laravel\\belajar-1\\vendor\\laravel\\framework\\src\\Illuminate\\Session\\Middleware\\StartSession.php(121): Illuminate\\Pipeline\\Pipeline->Illuminate\\Pipeline\\{closure}(Object(Illuminate\\Http\\Request))
#19 E:\\kuliah syahwa\\Semester 4\\Pemogramman Web\\laravel\\belajar-1\\vendor\\laravel\\framework\\src\\Illuminate\\Session\\Middleware\\StartSession.php(64): Illuminate\\Session\\Middleware\\StartSession->handleStatefulRequest(Object(Illuminate\\Http\\Request), Object(Illuminate\\Session\\Store), Object(Closure))
#20 E:\\kuliah syahwa\\Semester 4\\Pemogramman Web\\laravel\\belajar-1\\vendor\\laravel\\framework\\src\\Illuminate\\Pipeline\\Pipeline.php(180): Illuminate\\Session\\Middleware\\StartSession->handle(Object(Illuminate\\Http\\Request), Object(Closure))
#21 E:\\kuliah syahwa\\Semester 4\\Pemogramman Web\\laravel\\belajar-1\\vendor\\laravel\\framework\\src\\Illuminate\\Cookie\\Middleware\\AddQueuedCookiesToResponse.php(37): Illuminate\\Pipeline\\Pipeline->Illuminate\\Pipeline\\{closure}(Object(Illuminate\\Http\\Request))
#22 E:\\kuliah syahwa\\Semester 4\\Pemogramman Web\\laravel\\belajar-1\\vendor\\laravel\\framework\\src\\Illuminate\\Pipeline\\Pipeline.php(180): Illuminate\\Cookie\\Middleware\\AddQueuedCookiesToResponse->handle(Object(Illuminate\\Http\\Request), Object(Closure))
#23 E:\\kuliah syahwa\\Semester 4\\Pemogramman Web\\laravel\\belajar-1\\vendor\\laravel\\framework\\src\\Illuminate\\Cookie\\Middleware\\EncryptCookies.php(67): Illuminate\\Pipeline\\Pipeline->Illuminate\\Pipeline\\{closure}(Object(Illuminate\\Http\\Request))
#24 E:\\kuliah syahwa\\Semester 4\\Pemogramman Web\\laravel\\belajar-1\\vendor\\laravel\\framework\\src\\Illuminate\\Pipeline\\Pipeline.php(180): Illuminate\\Cookie\\Middleware\\EncryptCookies->handle(Object(Illuminate\\Http\\Request), Object(Closure))
#25 E:\\kuliah syahwa\\Semester 4\\Pemogramman Web\\laravel\\belajar-1\\vendor\\laravel\\framework\\src\\Illuminate\\Pipeline\\Pipeline.php(116): Illuminate\\Pipeline\\Pipeline->Illuminate\\Pipeline\\{closure}(Object(Illuminate\\Http\\Request))
#26 E:\\kuliah syahwa\\Semester 4\\Pemogramman Web\\laravel\\belajar-1\\vendor\\laravel\\framework\\src\\Illuminate\\Routing\\Router.php(797): Illuminate\\Pipeline\\Pipeline->then(Object(Closure))
#27 E:\\kuliah syahwa\\Semester 4\\Pemogramman Web\\laravel\\belajar-1\\vendor\\laravel\\framework\\src\\Illuminate\\Routing\\Router.php(776): Illuminate\\Routing\\Router->runRouteWithinStack(Object(Illuminate\\Routing\\Route), Object(Illuminate\\Http\\Request))
#28 E:\\kuliah syahwa\\Semester 4\\Pemogramman Web\\laravel\\belajar-1\\vendor\\laravel\\framework\\src\\Illuminate\\Routing\\Router.php(740): Illuminate\\Routing\\Router->runRoute(Object(Illuminate\\Http\\Request), Object(Illuminate\\Routing\\Route))
#29 E:\\kuliah syahwa\\Semester 4\\Pemogramman Web\\laravel\\belajar-1\\vendor\\laravel\\framework\\src\\Illuminate\\Routing\\Router.php(729): Illuminate\\Routing\\Router->dispatchToRoute(Object(Illuminate\\Http\\Request))
#30 E:\\kuliah syahwa\\Semester 4\\Pemogramman Web\\laravel\\belajar-1\\vendor\\laravel\\framework\\src\\Illuminate\\Foundation\\Http\\Kernel.php(190): Illuminate\\Routing\\Router->dispatch(Object(Illuminate\\Http\\Request))
#31 E:\\kuliah syahwa\\Semester 4\\Pemogramman Web\\laravel\\belajar-1\\vendor\\laravel\\framework\\src\\Illuminate\\Pipeline\\Pipeline.php(141): Illuminate\\Foundation\\Http\\Kernel->Illuminate\\Foundation\\Http\\{closure}(Object(Illuminate\\Http\\Request))
#32 E:\\kuliah syahwa\\Semester 4\\Pemogramman Web\\laravel\\belajar-1\\vendor\\laravel\\framework\\src\\Illuminate\\Foundation\\Http\\Middleware\\TransformsRequest.php(21): Illuminate\\Pipeline\\Pipeline->Illuminate\\Pipeline\\{closure}(Object(Illuminate\\Http\\Request))
#33 E:\\kuliah syahwa\\Semester 4\\Pemogramman Web\\laravel\\belajar-1\\vendor\\laravel\\framework\\src\\Illuminate\\Foundation\\Http\\Middleware\\ConvertEmptyStringsToNull.php(31): Illuminate\\Foundation\\Http\\Middleware\\TransformsRequest->handle(Object(Illuminate\\Http\\Request), Object(Closure))
#34 E:\\kuliah syahwa\\Semester 4\\Pemogramman Web\\laravel\\belajar-1\\vendor\\laravel\\framework\\src\\Illuminate\\Pipeline\\Pipeline.php(180): Illuminate\\Foundation\\Http\\Middleware\\ConvertEmptyStringsToNull->handle(Object(Illuminate\\Http\\Request), Object(Closure))
#35 E:\\kuliah syahwa\\Semester 4\\Pemogramman Web\\laravel\\belajar-1\\vendor\\laravel\\framework\\src\\Illuminate\\Foundation\\Http\\Middleware\\TransformsRequest.php(21): Illuminate\\Pipeline\\Pipeline->Illuminate\\Pipeline\\{closure}(Object(Illuminate\\Http\\Request))
#36 E:\\kuliah syahwa\\Semester 4\\Pemogramman Web\\laravel\\belajar-1\\vendor\\laravel\\framework\\src\\Illuminate\\Foundation\\Http\\Middleware\\TrimStrings.php(40): Illuminate\\Foundation\\Http\\Middleware\\TransformsRequest->handle(Object(Illuminate\\Http\\Request), Object(Closure))
#37 E:\\kuliah syahwa\\Semester 4\\Pemogramman Web\\laravel\\belajar-1\\vendor\\laravel\\framework\\src\\Illuminate\\Pipeline\\Pipeline.php(180): Illuminate\\Foundation\\Http\\Middleware\\TrimStrings->handle(Object(Illuminate\\Http\\Request), Object(Closure))
#38 E:\\kuliah syahwa\\Semester 4\\Pemogramman Web\\laravel\\belajar-1\\vendor\\laravel\\framework\\src\\Illuminate\\Foundation\\Http\\Middleware\\ValidatePostSize.php(27): Illuminate\\Pipeline\\Pipeline->Illuminate\\Pipeline\\{closure}(Object(Illuminate\\Http\\Request))
#39 E:\\kuliah syahwa\\Semester 4\\Pemogramman Web\\laravel\\belajar-1\\vendor\\laravel\\framework\\src\\Illuminate\\Pipeline\\Pipeline.php(180): Illuminate\\Foundation\\Http\\Middleware\\ValidatePostSize->handle(Object(Illuminate\\Http\\Request), Object(Closure))
#40 E:\\kuliah syahwa\\Semester 4\\Pemogramman Web\\laravel\\belajar-1\\vendor\\laravel\\framework\\src\\Illuminate\\Foundation\\Http\\Middleware\\PreventRequestsDuringMaintenance.php(86): Illuminate\\Pipeline\\Pipeline->Illuminate\\Pipeline\\{closure}(Object(Illuminate\\Http\\Request))
#41 E:\\kuliah syahwa\\Semester 4\\Pemogramman Web\\laravel\\belajar-1\\vendor\\laravel\\framework\\src\\Illuminate\\Pipeline\\Pipeline.php(180): Illuminate\\Foundation\\Http\\Middleware\\PreventRequestsDuringMaintenance->handle(Object(Illuminate\\Http\\Request), Object(Closure))
#42 E:\\kuliah syahwa\\Semester 4\\Pemogramman Web\\laravel\\belajar-1\\vendor\\laravel\\framework\\src\\Illuminate\\Http\\Middleware\\HandleCors.php(49): Illuminate\\Pipeline\\Pipeline->Illuminate\\Pipeline\\{closure}(Object(Illuminate\\Http\\Request))
#43 E:\\kuliah syahwa\\Semester 4\\Pemogramman Web\\laravel\\belajar-1\\vendor\\laravel\\framework\\src\\Illuminate\\Pipeline\\Pipeline.php(180): Illuminate\\Http\\Middleware\\HandleCors->handle(Object(Illuminate\\Http\\Request), Object(Closure))
#44 E:\\kuliah syahwa\\Semester 4\\Pemogramman Web\\laravel\\belajar-1\\vendor\\laravel\\framework\\src\\Illuminate\\Http\\Middleware\\TrustProxies.php(39): Illuminate\\Pipeline\\Pipeline->Illuminate\\Pipeline\\{closure}(Object(Illuminate\\Http\\Request))
#45 E:\\kuliah syahwa\\Semester 4\\Pemogramman Web\\laravel\\belajar-1\\vendor\\laravel\\framework\\src\\Illuminate\\Pipeline\\Pipeline.php(180): Illuminate\\Http\\Middleware\\TrustProxies->handle(Object(Illuminate\\Http\\Request), Object(Closure))
#46 E:\\kuliah syahwa\\Semester 4\\Pemogramman Web\\laravel\\belajar-1\\vendor\\laravel\\framework\\src\\Illuminate\\Pipeline\\Pipeline.php(116): Illuminate\\Pipeline\\Pipeline->Illuminate\\Pipeline\\{closure}(Object(Illuminate\\Http\\Request))
#47 E:\\kuliah syahwa\\Semester 4\\Pemogramman Web\\laravel\\belajar-1\\vendor\\laravel\\framework\\src\\Illuminate\\Foundation\\Http\\Kernel.php(165): Illuminate\\Pipeline\\Pipeline->then(Object(Closure))
#48 E:\\kuliah syahwa\\Semester 4\\Pemogramman Web\\laravel\\belajar-1\\vendor\\laravel\\framework\\src\\Illuminate\\Foundation\\Http\\Kernel.php(134): Illuminate\\Foundation\\Http\\Kernel->sendRequestThroughRouter(Object(Illuminate\\Http\\Request))
#49 E:\\kuliah syahwa\\Semester 4\\Pemogramman Web\\laravel\\belajar-1\\public\\index.php(51): Illuminate\\Foundation\\Http\\Kernel->handle(Object(Illuminate\\Http\\Request))
#50 E:\\kuliah syahwa\\Semester 4\\Pemogramman Web\\laravel\\belajar-1\\vendor\\laravel\\framework\\src\\Illuminate\\Foundation\\resources\\server.php(16): require_once('E:\\\\kuliah syahw...')
#51 {main}

[previous exception] [object] (ParseError(code: 0): syntax error, unexpected end of file at E:\\kuliah syahwa\\Semester 4\\Pemogramman Web\\laravel\\belajar-1\\storage\\framework\\views\\c3bb19c2521ae8ae3cf2895fb65cfb5b2969917e.php:41)
[stacktrace]
#0 E:\\kuliah syahwa\\Semester 4\\Pemogramman Web\\laravel\\belajar-1\\vendor\\laravel\\framework\\src\\Illuminate\\Filesystem\\Filesystem.php(110): Illuminate\\Filesystem\\Filesystem::Illuminate\\Filesystem\\{closure}()
#1 E:\\kuliah syahwa\\Semester 4\\Pemogramman Web\\laravel\\belajar-1\\vendor\\laravel\\framework\\src\\Illuminate\\View\\Engines\\PhpEngine.php(58): Illuminate\\Filesystem\\Filesystem->getRequire('E:\\\\kuliah syahw...', Array)
#2 E:\\kuliah syahwa\\Semester 4\\Pemogramman Web\\laravel\\belajar-1\\vendor\\laravel\\framework\\src\\Illuminate\\View\\Engines\\CompilerEngine.php(70): Illuminate\\View\\Engines\\PhpEngine->evaluatePath('E:\\\\kuliah syahw...', Array)
#3 E:\\kuliah syahwa\\Semester 4\\Pemogramman Web\\laravel\\belajar-1\\vendor\\laravel\\framework\\src\\Illuminate\\View\\View.php(195): Illuminate\\View\\Engines\\CompilerEngine->get('E:\\\\kuliah syahw...', Array)
#4 E:\\kuliah syahwa\\Semester 4\\Pemogramman Web\\laravel\\belajar-1\\vendor\\laravel\\framework\\src\\Illuminate\\View\\View.php(178): Illuminate\\View\\View->getContents()
#5 E:\\kuliah syahwa\\Semester 4\\Pemogramman Web\\laravel\\belajar-1\\vendor\\laravel\\framework\\src\\Illuminate\\View\\View.php(147): Illuminate\\View\\View->renderContents()
#6 E:\\kuliah syahwa\\Semester 4\\Pemogramman Web\\laravel\\belajar-1\\vendor\\laravel\\framework\\src\\Illuminate\\Http\\Response.php(69): Illuminate\\View\\View->render()
#7 E:\\kuliah syahwa\\Semester 4\\Pemogramman Web\\laravel\\belajar-1\\vendor\\laravel\\framework\\src\\Illuminate\\Http\\Response.php(35): Illuminate\\Http\\Response->setContent(Object(Illuminate\\View\\View))
#8 E:\\kuliah syahwa\\Semester 4\\Pemogramman Web\\laravel\\belajar-1\\vendor\\laravel\\framework\\src\\Illuminate\\Routing\\Router.php(906): Illuminate\\Http\\Response->__construct(Object(Illuminate\\View\\View), 200, Array)
#9 E:\\kuliah syahwa\\Semester 4\\Pemogramman Web\\laravel\\belajar-1\\vendor\\laravel\\framework\\src\\Illuminate\\Routing\\Router.php(875): Illuminate\\Routing\\Router::toResponse(Object(Illuminate\\Http\\Request), Object(Illuminate\\View\\View))
#10 E:\\kuliah syahwa\\Semester 4\\Pemogramman Web\\laravel\\belajar-1\\vendor\\laravel\\framework\\src\\Illuminate\\Routing\\Router.php(797): Illuminate\\Routing\\Router->prepareResponse(Object(Illuminate\\Http\\Request), Object(Illuminate\\View\\View))
#11 E:\\kuliah syahwa\\Semester 4\\Pemogramman Web\\laravel\\belajar-1\\vendor\\laravel\\framework\\src\\Illuminate\\Pipeline\\Pipeline.php(141): Illuminate\\Routing\\Router->Illuminate\\Routing\\{closure}(Object(Illuminate\\Http\\Request))
#12 E:\\kuliah syahwa\\Semester 4\\Pemogramman Web\\laravel\\belajar-1\\vendor\\laravel\\framework\\src\\Illuminate\\Routing\\Middleware\\SubstituteBindings.php(50): Illuminate\\Pipeline\\Pipeline->Illuminate\\Pipeline\\{closure}(Object(Illuminate\\Http\\Request))
#13 E:\\kuliah syahwa\\Semester 4\\Pemogramman Web\\laravel\\belajar-1\\vendor\\laravel\\framework\\src\\Illuminate\\Pipeline\\Pipeline.php(180): Illuminate\\Routing\\Middleware\\SubstituteBindings->handle(Object(Illuminate\\Http\\Request), Object(Closure))
#14 E:\\kuliah syahwa\\Semester 4\\Pemogramman Web\\laravel\\belajar-1\\vendor\\laravel\\framework\\src\\Illuminate\\Foundation\\Http\\Middleware\\VerifyCsrfToken.php(78): Illuminate\\Pipeline\\Pipeline->Illuminate\\Pipeline\\{closure}(Object(Illuminate\\Http\\Request))
#15 E:\\kuliah syahwa\\Semester 4\\Pemogramman Web\\laravel\\belajar-1\\vendor\\laravel\\framework\\src\\Illuminate\\Pipeline\\Pipeline.php(180): Illuminate\\Foundation\\Http\\Middleware\\VerifyCsrfToken->handle(Object(Illuminate\\Http\\Request), Object(Closure))
#16 E:\\kuliah syahwa\\Semester 4\\Pemogramman Web\\laravel\\belajar-1\\vendor\\laravel\\framework\\src\\Illuminate\\View\\Middleware\\ShareErrorsFromSession.php(49): Illuminate\\Pipeline\\Pipeline->Illuminate\\Pipeline\\{closure}(Object(Illuminate\\Http\\Request))
#17 E:\\kuliah syahwa\\Semester 4\\Pemogramman Web\\laravel\\belajar-1\\vendor\\laravel\\framework\\src\\Illuminate\\Pipeline\\Pipeline.php(180): Illuminate\\View\\Middleware\\ShareErrorsFromSession->handle(Object(Illuminate\\Http\\Request), Object(Closure))
#18 E:\\kuliah syahwa\\Semester 4\\Pemogramman Web\\laravel\\belajar-1\\vendor\\laravel\\framework\\src\\Illuminate\\Session\\Middleware\\StartSession.php(121): Illuminate\\Pipeline\\Pipeline->Illuminate\\Pipeline\\{closure}(Object(Illuminate\\Http\\Request))
#19 E:\\kuliah syahwa\\Semester 4\\Pemogramman Web\\laravel\\belajar-1\\vendor\\laravel\\framework\\src\\Illuminate\\Session\\Middleware\\StartSession.php(64): Illuminate\\Session\\Middleware\\StartSession->handleStatefulRequest(Object(Illuminate\\Http\\Request), Object(Illuminate\\Session\\Store), Object(Closure))
#20 E:\\kuliah syahwa\\Semester 4\\Pemogramman Web\\laravel\\belajar-1\\vendor\\laravel\\framework\\src\\Illuminate\\Pipeline\\Pipeline.php(180): Illuminate\\Session\\Middleware\\StartSession->handle(Object(Illuminate\\Http\\Request), Object(Closure))
#21 E:\\kuliah syahwa\\Semester 4\\Pemogramman Web\\laravel\\belajar-1\\vendor\\laravel\\framework\\src\\Illuminate\\Cookie\\Middleware\\AddQueuedCookiesToResponse.php(37): Illuminate\\Pipeline\\Pipeline->Illuminate\\Pipeline\\{closure}(Object(Illuminate\\Http\\Request))
#22 E:\\kuliah syahwa\\Semester 4\\Pemogramman Web\\laravel\\belajar-1\\vendor\\laravel\\framework\\src\\Illuminate\\Pipeline\\Pipeline.php(180): Illuminate\\Cookie\\Middleware\\AddQueuedCookiesToResponse->handle(Object(Illuminate\\Http\\Request), Object(Closure))
#23 E:\\kuliah syahwa\\Semester 4\\Pemogramman Web\\laravel\\belajar-1\\vendor\\laravel\\framework\\src\\Illuminate\\Cookie\\Middleware\\EncryptCookies.php(67): Illuminate\\Pipeline\\Pipeline->Illuminate\\Pipeline\\{closure}(Object(Illuminate\\Http\\Request))
#24 E:\\kuliah syahwa\\Semester 4\\Pemogramman Web\\laravel\\belajar-1\\vendor\\laravel\\framework\\src\\Illuminate\\Pipeline\\Pipeline.php(180): Illuminate\\Cookie\\Middleware\\EncryptCookies->handle(Object(Illuminate\\Http\\Request), Object(Closure))
#25 E:\\kuliah syahwa\\Semester 4\\Pemogramman Web\\laravel\\belajar-1\\vendor\\laravel\\framework\\src\\Illuminate\\Pipeline\\Pipeline.php(116): Illuminate\\Pipeline\\Pipeline->Illuminate\\Pipeline\\{closure}(Object(Illuminate\\Http\\Request))
#26 E:\\kuliah syahwa\\Semester 4\\Pemogramman Web\\laravel\\belajar-1\\vendor\\laravel\\framework\\src\\Illuminate\\Routing\\Router.php(797): Illuminate\\Pipeline\\Pipeline->then(Object(Closure))
#27 E:\\kuliah syahwa\\Semester 4\\Pemogramman Web\\laravel\\belajar-1\\vendor\\laravel\\framework\\src\\Illuminate\\Routing\\Router.php(776): Illuminate\\Routing\\Router->runRouteWithinStack(Object(Illuminate\\Routing\\Route), Object(Illuminate\\Http\\Request))
#28 E:\\kuliah syahwa\\Semester 4\\Pemogramman Web\\laravel\\belajar-1\\vendor\\laravel\\framework\\src\\Illuminate\\Routing\\Router.php(740): Illuminate\\Routing\\Router->runRoute(Object(Illuminate\\Http\\Request), Object(Illuminate\\Routing\\Route))
#29 E:\\kuliah syahwa\\Semester 4\\Pemogramman Web\\laravel\\belajar-1\\vendor\\laravel\\framework\\src\\Illuminate\\Routing\\Router.php(729): Illuminate\\Routing\\Router->dispatchToRoute(Object(Illuminate\\Http\\Request))
#30 E:\\kuliah syahwa\\Semester 4\\Pemogramman Web\\laravel\\belajar-1\\vendor\\laravel\\framework\\src\\Illuminate\\Foundation\\Http\\Kernel.php(190): Illuminate\\Routing\\Router->dispatch(Object(Illuminate\\Http\\Request))
#31 E:\\kuliah syahwa\\Semester 4\\Pemogramman Web\\laravel\\belajar-1\\vendor\\laravel\\framework\\src\\Illuminate\\Pipeline\\Pipeline.php(141): Illuminate\\Foundation\\Http\\Kernel->Illuminate\\Foundation\\Http\\{closure}(Object(Illuminate\\Http\\Request))
#32 E:\\kuliah syahwa\\Semester 4\\Pemogramman Web\\laravel\\belajar-1\\vendor\\laravel\\framework\\src\\Illuminate\\Foundation\\Http\\Middleware\\TransformsRequest.php(21): Illuminate\\Pipeline\\Pipeline->Illuminate\\Pipeline\\{closure}(Object(Illuminate\\Http\\Request))
#33 E:\\kuliah syahwa\\Semester 4\\Pemogramman Web\\laravel\\belajar-1\\vendor\\laravel\\framework\\src\\Illuminate\\Foundation\\Http\\Middleware\\ConvertEmptyStringsToNull.php(31): Illuminate\\Foundation\\Http\\Middleware\\TransformsRequest->handle(Object(Illuminate\\Http\\Request), Object(Closure))
#34 E:\\kuliah syahwa\\Semester 4\\Pemogramman Web\\laravel\\belajar-1\\vendor\\laravel\\framework\\src\\Illuminate\\Pipeline\\Pipeline.php(180): Illuminate\\Foundation\\Http\\Middleware\\ConvertEmptyStringsToNull->handle(Object(Illuminate\\Http\\Request), Object(Closure))
#35 E:\\kuliah syahwa\\Semester 4\\Pemogramman Web\\laravel\\belajar-1\\vendor\\laravel\\framework\\src\\Illuminate\\Foundation\\Http\\Middleware\\TransformsRequest.php(21): Illuminate\\Pipeline\\Pipeline->Illuminate\\Pipeline\\{closure}(Object(Illuminate\\Http\\Request))
#36 E:\\kuliah syahwa\\Semester 4\\Pemogramman Web\\laravel\\belajar-1\\vendor\\laravel\\framework\\src\\Illuminate\\Foundation\\Http\\Middleware\\TrimStrings.php(40): Illuminate\\Foundation\\Http\\Middleware\\TransformsRequest->handle(Object(Illuminate\\Http\\Request), Object(Closure))
#37 E:\\kuliah syahwa\\Semester 4\\Pemogramman Web\\laravel\\belajar-1\\vendor\\laravel\\framework\\src\\Illuminate\\Pipeline\\Pipeline.php(180): Illuminate\\Foundation\\Http\\Middleware\\TrimStrings->handle(Object(Illuminate\\Http\\Request), Object(Closure))
#38 E:\\kuliah syahwa\\Semester 4\\Pemogramman Web\\laravel\\belajar-1\\vendor\\laravel\\framework\\src\\Illuminate\\Foundation\\Http\\Middleware\\ValidatePostSize.php(27): Illuminate\\Pipeline\\Pipeline->Illuminate\\Pipeline\\{closure}(Object(Illuminate\\Http\\Request))
#39 E:\\kuliah syahwa\\Semester 4\\Pemogramman Web\\laravel\\belajar-1\\vendor\\laravel\\framework\\src\\Illuminate\\Pipeline\\Pipeline.php(180): Illuminate\\Foundation\\Http\\Middleware\\ValidatePostSize->handle(Object(Illuminate\\Http\\Request), Object(Closure))
#40 E:\\kuliah syahwa\\Semester 4\\Pemogramman Web\\laravel\\belajar-1\\vendor\\laravel\\framework\\src\\Illuminate\\Foundation\\Http\\Middleware\\PreventRequestsDuringMaintenance.php(86): Illuminate\\Pipeline\\Pipeline->Illuminate\\Pipeline\\{closure}(Object(Illuminate\\Http\\Request))
#41 E:\\kuliah syahwa\\Semester 4\\Pemogramman Web\\laravel\\belajar-1\\vendor\\laravel\\framework\\src\\Illuminate\\Pipeline\\Pipeline.php(180): Illuminate\\Foundation\\Http\\Middleware\\PreventRequestsDuringMaintenance->handle(Object(Illuminate\\Http\\Request), Object(Closure))
#42 E:\\kuliah syahwa\\Semester 4\\Pemogramman Web\\laravel\\belajar-1\\vendor\\laravel\\framework\\src\\Illuminate\\Http\\Middleware\\HandleCors.php(49): Illuminate\\Pipeline\\Pipeline->Illuminate\\Pipeline\\{closure}(Object(Illuminate\\Http\\Request))
#43 E:\\kuliah syahwa\\Semester 4\\Pemogramman Web\\laravel\\belajar-1\\vendor\\laravel\\framework\\src\\Illuminate\\Pipeline\\Pipeline.php(180): Illuminate\\Http\\Middleware\\HandleCors->handle(Object(Illuminate\\Http\\Request), Object(Closure))
#44 E:\\kuliah syahwa\\Semester 4\\Pemogramman Web\\laravel\\belajar-1\\vendor\\laravel\\framework\\src\\Illuminate\\Http\\Middleware\\TrustProxies.php(39): Illuminate\\Pipeline\\Pipeline->Illuminate\\Pipeline\\{closure}(Object(Illuminate\\Http\\Request))
#45 E:\\kuliah syahwa\\Semester 4\\Pemogramman Web\\laravel\\belajar-1\\vendor\\laravel\\framework\\src\\Illuminate\\Pipeline\\Pipeline.php(180): Illuminate\\Http\\Middleware\\TrustProxies->handle(Object(Illuminate\\Http\\Request), Object(Closure))
#46 E:\\kuliah syahwa\\Semester 4\\Pemogramman Web\\laravel\\belajar-1\\vendor\\laravel\\framework\\src\\Illuminate\\Pipeline\\Pipeline.php(116): Illuminate\\Pipeline\\Pipeline->Illuminate\\Pipeline\\{closure}(Object(Illuminate\\Http\\Request))
#47 E:\\kuliah syahwa\\Semester 4\\Pemogramman Web\\laravel\\belajar-1\\vendor\\laravel\\framework\\src\\Illuminate\\Foundation\\Http\\Kernel.php(165): Illuminate\\Pipeline\\Pipeline->then(Object(Closure))
#48 E:\\kuliah syahwa\\Semester 4\\Pemogramman Web\\laravel\\belajar-1\\vendor\\laravel\\framework\\src\\Illuminate\\Foundation\\Http\\Kernel.php(134): Illuminate\\Foundation\\Http\\Kernel->sendRequestThroughRouter(Object(Illuminate\\Http\\Request))
#49 E:\\kuliah syahwa\\Semester 4\\Pemogramman Web\\laravel\\belajar-1\\public\\index.php(51): Illuminate\\Foundation\\Http\\Kernel->handle(Object(Illuminate\\Http\\Request))
#50 E:\\kuliah syahwa\\Semester 4\\Pemogramman Web\\laravel\\belajar-1\\vendor\\laravel\\framework\\src\\Illuminate\\Foundation\\resources\\server.php(16): require_once('E:\\\\kuliah syahw...')
#51 {main}
"} 
